Type,Text
Spam,"জিঅ 5G গ্ৰাহকসকলৰ বাবে বিশেষ অফাৰ
জিঅ এয়াৰফাইবৰ মাত্ৰ ₹1111ত ৫০ দিনৰ বাবে
সঁগত: মফৎ ইন্সটলেচন + ₹1000 কুপন
এতিয়া বুক কৰক bit.ly/Jio_SMS"
Spam,"জিঅ'ফাইবাৰে আপোনাক স্বাস্থ্য আৰু ফিট্নেছ এপসমূহৰ বিনামূলীয়া এক্সেচ প্ৰদান কৰে। আমাৰ ওচৰত ওজন হ্ৰাস, মহিলাৰ স্বাস্থ্য, যোগাসন আৰু অন্যান্যৰ বাবে এপ আছে।
মাত্ৰ 599 টকা/মাহৰ পৰা আৰম্ভ হোৱা জিঅ'ফাইবাৰ প্লেনৰ সৈতে এই সকলোবোৰ লাভ কৰক।
আপোনাৰ জিঅ'ফাইবাৰ প্লেন এতিয়াই বুক কৰিবলৈ www.jio.com/r/woQCzLVBV -ত ক্লিক কৰক!"
Ham,"299.0  টকাৰ ৰিচাৰ্জ সফল হৈছে!
Jio নম্বৰ : 7002983153।
প্ৰাপ্য:
Benefits: Unlimited Voice, Unlimited data - 42GB(1.5GB/Day), 100 SMS/Day & Subscription to Jio Apps. Validity - 28 Days।
লেনদেন আইডি:10003863133608
পৰিকল্পনাৰ বিৱৰণ চাওক - https://www.jio.com/dl/my_plans
আপোনাৰ শেহতীয়া ৰিচাৰ্জ অভিজ্ঞতা আমাৰ সৈতে ভাগ বতৰা কৰক - https://www.jio.com/en-in/jio-rech-exp-survey-assamese?custid=10003863133608"
Spam,Jio 'ৰ সৈতে সংযুক্ত হৈ থাকক আৰু Jio 'ৰ বিশ্বমানৰ সেৱা উপভোগ কৰি থাকক যিটো আজিও আটাইতকৈ সুলভ হৈ আছে।
Spam,অতুলনীয় সেৱাৰ সৈতে ভাৰতৰ একমাত্ৰ প্ৰকৃত 5G নেটৱৰ্কৰ অভিজ্ঞতা লাভ কৰক। প্ৰতিমাহে মাত্ৰ Rs. 349 ৰ পৰা আৰম্ভ কৰি সীমাহীন 5G ডাটা উপভোগ কৰক। প্লাছ প্ৰতিমাহে ২০% পৰ্যন্ত ৰাহি কৰক অন্য অপাৰেটৰ পৰা !
Spam,Jio ৰ সৈতে যোগাযোগৰ বাবে আপোনাৰ পছন্দৰ ভাষা বাছনি কৰক আৰু কেৱল আপোনাৰ পছন্দ ভাষাত আপডেট লাভ কৰক। ভাষা সলনি কৰিবলৈ https://t.jio/WPZ4V ক্লিক কৰক। টিম Jio
Spam,"চাইবাৰ সুৰক্ষিত হওক! আপোনাৰ ডিভাইচক বটনেট সংক্ৰমণ আৰু মেলৱেৰৰ পৰা সুৰক্ষিত কৰিবলে CERT-In GoI এ পৰামৰ্শ দিয়ে যে ""Free Bot Removal Tool"" ডাউনলোড কৰিবলৈ https://www.csk.gov.in"
Spam,এয়াৰটেল পেক 7086110961 ত 31-12-2021 ত সমাপ্ত হ'ব। আপোনাৰ বৰ্তমান বৈধতা নেহেৰুৱাই আজি ৰিচাৰ্জ কৰক u.airtel.in/FDP2 ইতিমধ্যে কৰিলে উপেক্ষা কৰক|
Spam ,এয়াৰটেল পেক 7086110961 ত আজি ৰাতি শেষ হ'ব। অব্যাহত সেৱাৰ বাবে আপোনাৰ প্ৰিয় আনলিমিটেড পেকৰ সৈতে ৰিচাৰ্জ কৰক u.airtel.in/FDP2 ইতিমধ্যে কৰিলে উপেক্ষা কৰক|
Spam,এয়াৰটেল অসীমিত পেকৰ বৈধতা 7086110961 ত 08-10-2021 ৰ লৈকে আছে। আপোনাৰ বৰ্তমান বৈধতা নেহেৰুৱাই আজি ৰিচাৰ্জ কৰক u.airtel.in/FDP2 ইতিমধ্যে কৰিলে উপেক্ষা কৰক।
Spam,"এলার্ট 90%: আপোনাৰ দৈনিক হাই স্পীডৰ ডাটা সীমাৰ বাবে। 2GB ডাটা লাভ কৰক মাত্ৰ Rs33 ত, মাজনিশালৈকে বৈধ।এতিয়াই ৰিচাৰ্জ কৰক i.airtel.in/dtpck"
Spam,"সূচনা: Rs 9,00,000 লৈকে ঋণ প্ৰদান 7086110961 -ৰ বাবে! এয়াৰটেল ফ্লেক্সি ক্ৰেডিটৰ সৈতে ছেকেণ্ডত আপোনাৰ একাউণ্টত টকা প্ৰাপ্ত কৰক। কোনো কাগজপত্ৰ নাই। এতিয়াই লাভ কৰক https://i.airtel.in/FSLOANNM"
Spam,"ধুমুহাৰ বতৰৰ আগতেই ঘৰৰ দুৱাৰ-খিৰিকীৰ খিলি, চিত্কলি আদি ব্যৱহাৰ যোগ্য হৈ আছে নে নাই, দুৱাৰ-খিৰিকীত ফাঁক বা কাঁচ আদি ভাঙি আছে নেকি পৰীক্ষা কৰি মেৰামতি কৰাই লওঁক । ASDMA"
Spam,"বিজুলী ঢেৰেকনি হৈ থকাৰ সময়ত যদি আপুনি নাওঁ বাই বা সাতুঁৰি আছে, তেন্তে ততালিকে পাৰলৈ আহি নিৰাপদ আশ্ৰয় গ্ৰহণ কৰক । ASDMA"
Spam,"Silchar আপনি কি আপনার নেটওয়ার্ক অভিজ্ঞতাকে পরবর্তী স্তরে নিয়ে যাওয়ার জন্য প্রস্তুত?
Airtel 5G Plus শীঘ্রই আসছে আপনার শহরে। আপনি 5G এর জন্য প্রস্তুত কিনা তা জানতে, ক্লিক করুন i.airtel.in/air5G এ।"
Spam,"ভভূমিকম্পৰ সময়ত ফুলৰ টাব, ফল্চ্ চিলিং, বৈদ্যুতিক তাঁৰ, বৈদ্যুতিক খুটা, বেৰ, ওখ গছ, আদি বাগৰি পৰিব পৰা বস্তুৰ ওচৰে পাজৰে থকাৰ পৰা বিৰত থাকক । ASDMA"
Spam,"শীতকালত সুৰাপান নকৰিব। ই শৰীৰৰ তাপমাত্ৰা বৃদ্ধি নকৰে, ইয়াৰ পৰিৱৰ্তে শৰীৰৰ তাপমাত্ৰা হ্ৰাস হে কৰে। ASDMA"
Spam,"ভূমিস্খলনৰ ক্ষেত্ৰত পাহাৰৰ পৰা নামি অহা পানীৰ সৈতে শিল, বালি বা মাটিও নামি অহা দেখিলে সাৱধান হওক । ASDMA"
Spam,"ভূমিস্খলনৰ ক্ষেত্ৰত আচৰিত ধৰণৰ শব্দ শুনিলে (শিলৰ শব্দ, গছ-ভঙা, পানীৰ তীব্ৰ শব্দ, মাটি খহি অহাৰ শব্দ) সাৱধান হওক I ASDMA"
Spam,ভূমিস্খলন ৰোধ কৰিবলৈ বৰষুণৰ দিনবোৰত মাটি কটা কাম বা মাটি ঢিলা কৰিব পৰা কাম নকৰিব । ASDMA
Spam,ভূমিস্খলন ৰোধ কৰিবলৈ পাহাৰীয়া এঢলীয়া ঠাইত ডাঙৰ গছৰ সলনি মাটি ধৰি ৰাখিব পৰা গছপুলি ৰোৱাৰ ব্যৱস্থা কৰক । ASDMA
Spam,"ভূমিস্খলনৰ সম্ভাৱনা থকা অঞ্চলৰ বাসিন্দাসকলে পৰ্যাপ্ত পৰিমাণে মোবাইল ফোনৰ ৰিচাৰ্জ কৰি থওঁক, লগতে বেটাৰীচালিত ৰেডিঅ’ আৰু টৰ্চ লাইট নিজৰ লগত ৰাখক । ASDMA"
Spam,"যদি গৰমৰ দিনত আপুনি ঘৰৰ বাহিৰত কাম কৰি আছে, তেন্তে আপুনি পিয়াহ অনুভৱ নকৰিলেও যথেষ্ট পৰিমাণে পানী খাব(অন্তত 3 গিলাছ প্ৰতি ঘন্টাত)| ASDMA"
Spam,বানপানীৰ সময়ত নলা নৰ্দমাত পানী জমা নহ´বৰ বাবে বানপানীৰ দিন আৰম্ভ হোৱাৰ পূৰ্বে নলাত প্লাষ্টিক জাবৰ জোথৰৰ নিচিনা আৱৰ্জনা পেলোৱা বন্ধ কৰক| ASDMA
Spam,দিনটোৰ অত্যন্ত গৰমৰ সময়খিনিত পৰাপক্ষত ঘৰৰ বাহিৰলৈ নোলাব I ASDMA
Spam,"গৰমৰ দিনত যদি আপুনি ঘৰৰ বাহিৰত কামত ব্যস্ত থাকে, পিয়াহ অনুভৱ নকৰিলেও অন্ততঃ এঘণ্টাৰ মূৰে মূৰে ৩ গ্লাছ বিশুদ্ধ পানী খাব I (ASDMA)"
Spam,গৰমৰ দিনত ঘৰৰ বাহিৰলৈ ওলাই যাবলগীয়া হলে সদায় ছাতি লগত লৈ ওলাব আৰু পৰাপক্ষত পাতল ৰঙৰ কপাহী কাপোৰহে পৰিধান কৰিব I ASDMA
Spam,"গৰমৰ দিনত পৰাপক্ষত কেফেইন্, এলক’হল বা চেনী যুক্ত পানীয় পৰিহাৰ কৰিব I ASDMA"
Spam,"গৰমৰ দিনত আপোনাৰ শিশুক দুৱাৰ-খিৰিকী মাৰি গাড়ীৰ ভিতৰত এৰি থৈ নাযাব, কিয়নো বন্ধ গাড়ীৰ ভিতৰৰ তাপমাত্ৰা মিনিটৰ ভিতৰতে ১৪০° পৰ্যন্ত হৈ যাব পাৰে I(ASDMA)"
Spam,বানৰ সময়ত নলা-ন্ৰ্দমাত পানী জমা নহ’বৰ বাবে নলাত প্লাষ্টিক জাৱৰ-জোথৰ আদি নেপেলাব - ASDMA
Spam,বানৰ সময়ত ব্যৱহাৰৰ বাবে আৱ্শ্যকীয় সামগ্ৰীৰ জৰুৰীকালীন টোপোলা যোগাৰ কৰি থওক - ASDMA
Spam,"নমস্কাৰ।মিছন বসুন্ধৰাৰ ২.০ সেৱাসমূহৰ বাবে অনলাইনযোগে আপুনি www.rtps.assam.gov.in ত আৱেদন কৰক অথবা নিকটৱৰ্তী ৰাজহুৱা সুবিধা কেন্দ্ৰলৈ আহি ৩১ মাৰ্চ, ২০২৩ ৰ আগতে আৱেদন সম্পন্ন কৰক ।- DLR&S etc. Assam"
Spam,"আপোনাৰ ৰিচাৰ্জত কেছবেক বিচাৰে নেকি?
আপোনাৰ বৰ্তমানৰ পেক সমাপ্ত হ'ব। আপোনাৰ এয়াৰটেল নম্বৰ Phonepeত ৰিচাৰ্জ কৰক,কেছবেক* উপাৰ্জনৰ সুযোগ পাওক।ক্লিক https://phon.pe/airtelas"
Spam,"অগ্নিকাণ্ডৰ কাৰণবোৰৰ বিষয়ে জানক, সজাগ হওক আৰু সুৰক্ষিত থাকক । ASDMA"
Spam,"জুই প্ৰশমনৰ বাবে পৰম্পৰাগত ভাৱে ব্যৱহাৰ কৰা বস্তু যেনে, বালিৰে ভৰা টোপোলা, কম্বল্, কপাহী কাপোৰ আদি হাতেৰে ঢুকি পোৱা ঠাইত ৰাখক যাতে বিছাৰিলে পোৱা যায় । ASDMA"
Spam,"অগ্নিকাণ্ডৰ সময়চোৱাত ঘৰৰ ভিতৰত থাকিলে, ভিতৰৰ পৰা ওলাই আহিবলৈ চাপৰি লওঁক । ASDMA"
Spam,"শীতকালত সুৰাপান নকৰিব। ই শৰীৰৰ তাপমাত্ৰা বৃদ্ধি নকৰে, ইয়াৰ পৰিৱৰ্তে শৰীৰৰ তাপমাত্ৰা হ্ৰাস হে কৰে। ASDMA"
Spam,ভূমিকম্পৰ সময়চোৱাত জোঁকাৰণিৰ অনুভৱ হোৱাৰ লগে লগে কোনো মজবুত মেজ বা অলপ ওখ বিচনাৰ তলত আশ্ৰয় লওঁক । ASDMA
Spam,"ভূমিকম্পৰ সময়ত আইনাৰ বেৰ, খিৰিকী বা দুৱাৰৰ ওচৰে পাজৰে থকাৰ পৰা বিৰত থাকক । ASDMA"
Spam,"আপোনাৰ পছন্দৰ Rs. 19 এয়াৰটেল পেক এতিয়া Rs. 22 -ত উপলব্ধ। লাভালাভৰ পৰিৱৰ্তনবোৰ জানিবলৈ, এয়াৰটেল থেংক্স এপলৈ যাওঁক u.airtel.in/rch3"
Spam,বানপানীত আপোনাৰ সুৰক্ষাৰ বাবে জৰুৰী নথিপত্ৰ আৰু মূ্ল্যৱান সামগ্ৰীসমূহ জল্-প্ৰ্তিৰোধক মোনাত ৰাখক । ASDMA
Spam,গৰমৰ দিনত পিয়াহ নালাগিলেও পৰ্যাপ্ত পৰিমানৰ বিশুদ্ধ পানী সঘনাই খাব । ASDMA
Spam,ধগৰমৰ দিনত ঘৰৰ বাহিৰলৈ ওলাই যাবলগীয়া হলে সদায় ছাতি লগত লৈ ওলাব আৰু পৰাপক্ষত পাতল ৰঙৰ কপাহী কাপোৰহে পৰিধান কৰিব। ASDMA
Spam,"ধুমুহাৰ সময়ত আপুনি যদি চলন্ত গাড়ীত আছে, তেনেহ’লে বৈদ্যুতিক তাঁৰ, গছ আদিৰ পৰা আঁতৰত নিৰাপদ ঠাইত গাড়ীখন ৰাখিবলৈ চালকক কঁওক । ASDMA"
Spam,অকৰ্তৃত্বশীল ফৰেক্স ট্ৰেডিং প্লেটফৰ্মত লেনদেন নকৰিব। অধিক তথ্যৰ বাবে চাওঁক https://bit.ly/rbi_pr -RBI
Spam,আৰ বি আইয়ে কেতিয়াও জনসাধাৰণৰ পৰা তেওঁলোকৰ ব্যক্তিগত/বেংকৰ সবিশেষ নিবিচাৰে। আৰ বি আইৰ ভুৱা প্ৰতীক আৰু মেছেজৰ পৰা সাৱধান। -RBI
Spam,আপোনাৰ ফোন/ ডিভাইচত যিকোনো অজ্ঞাত এপ ডাউনলোড অথবা যিকোনো অজ্ঞাত লিংকত ক্লিক নকৰিব। এপ/লিংকটোৱে আপোনাৰ বিত্তীয় তথ্য সংগ্ৰহ কৰাৰ সুযোগ ল'ব পাৰে। -RBI
Spam,"যদি আপুনি নকৰা ডেবিট লেনদেনৰ বাবে এছএমএছ লাভ কৰে, তেন্তে তৎক্ষণাত ইউপিআইকে ধৰি ডেবিটৰ সকলো মোড ব্লক কৰক। লগতে আপোনাৰ বেংক/ই-ৱালেটক জনাওক। -RBI"
Spam,"ক্ৰেডিট কাৰ্ডৰ সুবিধা গ্ৰহণ কৰাৰ সময়ত, চৰ্ত আৰু নিয়মাৱলী, সুতৰ হাৰ আৰু অন্যান্য মাচুল/চাৰ্জৰ বাবে মূল তথ্য বিবৃতি ভালদৰে পঢ়ক। -RBI"
Spam,আপোনাৰ অভিযোগ প্ৰথমে বেংক/এনবিএফচি/ধন পৰিশোধ ব্যৱস্থাপনাৰ অংশগ্ৰহণকাৰী/ক্ৰেডিট ইনফৰ্মেশ্যন কোম্পানীত দাখিল কৰক। যদি 30 দিনৰ ভিতৰত সমাধান নহয় তেন্তে cms.rbi.org.in-ত অভিযোগ দাখিল কৰক। -RBI
Spam,KYC আপডেট/একাউণ্ট ব্লক কৰা/ লোন অফাৰৰ প্ৰৱঞ্চনামূলক কল/SMS/লিংকৰ পৰা সাৱধান হওক। এনে সন্দেহজনক মেছেজ https://sancharsaathi.gov.in ত অভিযোগ দিয়ক। -RBI
Spam,your favourite athletes চেনেল Sony Ten 3 -ত চাবলৈ মিচ নকৰিব! উপভোগ কৰক লাইভ Commonwealth Games মেচ এয়াৰটেল ডিজিটেল TV -ত Rs20.06/মাহত| চাবস্ক্ৰাইব কৰিবৰ বাবে আপোনাৰ ৰেজিষ্টাৰ মোবাইল নম্বৰৰ পৰা 9154052289 -ত মিচ কল দিয়ক|
Spam,Chelsea vs AC Milan চেনেল Sony Ten 2 -ত চাবলৈ মিচ নকৰিব! উপভোগ কৰক লাইভ UEFA CHampions League মেচ এয়াৰটেল ডিজিটেল TV -ত Rs17.07/মাহত| চাবস্ক্ৰাইব কৰিবৰ বাবে আপোনাৰ ৰেজিষ্টাৰ মোবাইল নম্বৰৰ পৰা 9154052287 -ত মিচ কল দিয়ক|
Spam,"আপোনাৰ নিচিনা ক্ৰিকেটপ্ৰেমীৰ বাবে!
উপভোগ কৰক India vs South Africa লাইভ ODI Cricket মেচ Star Sports 1 Hindi -ত এয়াৰটেল ডিজিটেল TV -ৰ সৈতে| ৰিচাৰ্জ কৰক Rs 340-ৰ সৈতে আৰু Rs 355 -ৰ লাভ পাওঁক|ইয়াত ক্লিক কৰক u.airtel.in/sQDT9k"
Spam,"আপোনাৰ দৰে স্মাৰ্ট চেভাৰৰ বাবে সৰ্বশ্ৰেষ্ঠ বিক্ৰেতাৰ প্লেন!পাওক 75GB ডাটা ৰোলঅভাৰৰ সৈতে, Amazonপ্ৰাইম আৰু অধিক মাত্ৰ Rs499 ত! আজিয়েই পোষ্টপেইডলৈ সলনি কৰক i.airtel.in/f4"
Spam,"দৈনিক ডাটা বাৰে বাৰে শেষ হৈ আহিছে নেকি? এয়াৰটেল পোষ্টপেইডৰ সৈতে, আপুনি আপোনাৰ বাকী থকা ডাটা অহা মাহলৈকে বহন কৰিব পাৰে। প্লেন কেৱল Rs399 ৰ পৰা আৰম্ভ হয় i.airtel.in/t7"
Spam,"আপোনাৰ নিচিনা ক্ৰিকেটপ্ৰেমীৰ বাবে!
উপভোগ কৰক New Zealand vs India লাইভ ODI Cricket মেচ DD Sports CH 299 -ত এয়াৰটেল ডিজিটেল TV -ৰ সৈতে| ৰিচাৰ্জ কৰক Rs 340-ৰ সৈতে আৰু Rs 355 -ৰ লাভ পাওঁক|ইয়াত ক্লিক কৰক u.airtel.in/sQDT9k"
Spam,GT VS SRH চেনেল Star Sports 1 Hindi -ত চাবলৈ মিচ নকৰিব! উপভোগ কৰক লাইভ TATA IPL মেচ এয়াৰটেল ডিজিটেল TV -ত Rs22.42/মাহত| চাবস্ক্ৰাইব কৰিবৰ বাবে আপোনাৰ ৰেজিষ্টাৰ মোবাইল নম্বৰৰ পৰা 9154052281 -ত মিচ কল দিয়ক|
Spam,LSG VS MI চেনেল Star Sports 1 Hindi -ত চাবলৈ মিচ নকৰিব! উপভোগ কৰক লাইভ TATA IPL মেচ এয়াৰটেল ডিজিটেল TV -ত Rs22.42/মাহত| চাবস্ক্ৰাইব কৰিবৰ বাবে আপোনাৰ ৰেজিষ্টাৰ মোবাইল নম্বৰৰ পৰা 9154052281 -ত মিচ কল দিয়ক|
Spam,"POCO M6 এতিয়া কেৱল Rs8799 ত!
ফ্লিপকাৰ্টত উপলব্ধ POCO M6 5G স্মাৰ্টফোনত এয়াৰটেলৰ পৰা Rs750 লৈকে অফ + 50GB বিনামূলীয়া ডাটা প্ৰাপ্ত কৰক! চৰ্তাৱলী প্ৰযোজ্য। অধিক জানিবলৈ, ক্লিক কৰক i.airtel.in/e/AirFlip"
Spam,এয়াৰটেল য়ুজাৰ্জৰ বাবে এক্সক্লুচিভ অফাঁৰ। আপোনাৰ নতুন Samsung F15 5G স্মাৰ্টফোনত Rs750 -ৰ ৰেহাই লগতে অতিৰিক্ত 50GB ডাটাৰ আনন্দ লওঁক। এইটো এতিয়াই ফ্লিপকাৰ্টৰ পৰা লাভ কৰক! ক্লিক কৰক i.airtel.in/e/AirtelF15
Spam,"ৱাহ! আপুনি আপোনাৰ পূৰ্বৱৰ্তী এয়াৰটেল পেকৰ সৈতে কোনো অতিৰিক্ত ব্যয় নোহোৱাকৈ 38 GB 5G ডাটা ব্যৱহাৰ কৰিছিল! সীমাহীন 5G উপভোগ কৰা অব্যাহত ৰাখিবলৈ, 2GB/দিন বা অধিক প্ৰদান কৰা পেকৰ সৈতে ৰিচাৰ্জ কৰক। এতিয়াই এক্সপ্লোৰ কৰক https://i.airtel.in/5grcn"
Spam,"আজিৰ ক্ৰিকেট মেচ চাওক, কাইলৈ ৰিচাৰ্জ কৰক! এতিয়াই কোনো অতিৰিক্ত চাৰ্জ নোলোৱাকৈ 1GB ডাটা লোন লওক আৰু মেচবোৰ চাই থাকিব। তৎক্ষণাত পাবলৈ এই SMS ৰ উত্তৰ 1 টাইপ কৰক বা *567*3# ডায়েল কৰক। তথ্যৰ বৈধতা- 1 দিন। আপোনাৰ পৰৱৰ্তী ডাটা টপ-আপৰ পৰা 1GB ডাটা এডজাস্ট কৰা হ'ব।"
Spam,ডাটা সমাপ্ত? বিনা কোনো অতিৰিক্ত মূল্য অবিহনে 1GB ডাটা লোন লাভ কৰক। ডাটাৰ বৈধতা- 1 দিন। লাভ ল’বলৈ ডায়েল কৰক *567*3# নতুবা 1 ৰিপ্লাই কৰক। আপোনাৰ পৰৱৰ্তী ডাটা টপ-আপৰ সৈতে 1GB কমকৈ লাভ কৰক।
Spam,এতিয়া নিশ্চিন্তমনে ডাটা ব্যৱহাৰ কৰক কিয়নো আপুনি কোনো অতিৰিক্ত মূল্য অবিহনে 1GB ডাটা লোন ল’ব পাৰে। ডাটাৰ বৈধতা-1 দিন। লাভ ল’বলৈ ডায়েল কৰক *567*3# নতুবা i.airtel.in/get_data_loan ত ক্লিক কৰক। আপোনাৰ পৰৱৰ্তী ডাটা টপ-আপৰ সৈতে 1GB কমকৈ লাভ কৰক।
Spam,মানী মিউল' নহ’ব৷ আপোনাৰ বেংক একাউণ্টৰ জৰিয়তে আনৰ পৰা ধন লাভ কৰা বা আনলৈ ধন পঠোৱাৰ দৰে প্ৰলোভনমূলক অফাৰৰ বাবে আপুনি কাৰাগাৰলৈ যাবলগীয়া হ'ব পাৰে। -RBI
Spam,যিকোনো লেনদেনৰ বাবে ফিংগাৰপ্ৰিণ্ট ব্যৱহাৰ কৰাৰ আগতে ডিভাইচটোত স্বচ্ছ ফিল্ম নথকাটো নিশ্চিত হৈ ল'ব। অপাৰেটৰজনৰ পৰিচয় পৰীক্ষা কৰিব। লেনদেনৰ ৰচিদ বিচাৰিব। -RBI
Spam,"অজ্ঞাত ফোনকৰোঁতা, উচ্চ ৰিটাৰ্ণ প্ৰদান কৰা বিনিয়োগ পৰ্টেল আৰু ছ’চিয়েল মিডিয়াৰ জৰিয়তে লাভ কৰা জৰুৰীকালীন ধনৰ অনুৰোধৰ বিশ্বাসযোগ্যতা সদায় পৰীক্ষা কৰক। -RBI"
Spam,বেংকৰ পৰা ৰেহাই লাভ কৰাত সহায় কৰাৰ যিকোনো ধৰণৰ প্ৰতিশ্ৰুতিৰ মেছেজৰ পৰা সাৱধান হওক কাৰণ ই প্ৰৱঞ্চনামূলক হ’ব পাৰে। -RBI
Spam,এটিএমত অজ্ঞাত লোকৰ পৰা সহায় নল'ব।পিন লিপিবদ্ধ কৰোঁতে এটিএম কীপেডখন আপোনাৰ হাতেৰে ঢাকি লওক। -RBI
Spam,যোগাযোগৰ বিৱৰণৰ বাবে সদায় বেংক/এনবিএফচি/ই-ৱালেট প্ৰদানকাৰীৰ অফিচিয়েল ৱেবছাইট চাব। ইণ্টাৰনেট চাৰ্চ ইঞ্জিনত উপলব্ধ যোগাযোগ নম্বৰ প্ৰৱঞ্চনামূলক হ’ব পাৰে। -RBI
Spam,"আপোনাৰ পছন্দৰ Rs. 19 এয়াৰটেল পেক এতিয়া Rs. 22 -ত উপলব্ধ। লাভালাভৰ পৰিৱৰ্তনবোৰ জানিবলৈ, এয়াৰটেল থেংক্স এপলৈ যাওঁক u.airtel.in/rch3"
Spam,অতুলনীয় সেৱাৰ সৈতে ভাৰতৰ একমাত্ৰ প্ৰকৃত 5G নেটৱৰ্কৰ অভিজ্ঞতা লাভ কৰক। প্ৰতিমাহে মাত্ৰ Rs. 349 ৰ পৰা আৰম্ভ কৰি সীমাহীন 5G ডাটা উপভোগ কৰক। প্লাছ প্ৰতিমাহে ২০% পৰ্যন্ত ৰাহি কৰক অন্য অপাৰেটৰ পৰা !
Spam,Jio 'ৰ সৈতে সংযুক্ত হৈ থাকক আৰু Jio'ৰ বিশ্বমানৰ সেৱা উপভোগ কৰি থাকক যিটো আজিও আটাইতকৈ সুলভ হৈ আছে।
Spam,"আপোনাৰ ভাষাত গুৰুত্বপূৰ্ণ আপডেট আৰু তথ্য লাভ কৰক! www.jio.com/r/PzZZzpjVC  ক্লিক কৰি আপোনাৰ পছন্দৰ ভাষা আপডেইট কৰক
টিম Jio"
Spam,Jio ৰ পৰা গুৰুত্বপূৰ্ণ আপডেট আৰু তথ্য বাদ নিদিব! https://www.jio.com/dl/ps_change_email ক্লিক কৰি আপোনাৰ ইমেইল আইডি আপডেইট কৰক।
Spam,আপোনাৰ জিঅ' নম্বৰ 8638118161-ৰ প্লেনৰ বৈধতা সমাপ্ত হোৱাৰ বাবে পৰিসেৱা সমূহ বন্ধ  হৈছে । অনুগ্ৰহ কৰি শীঘ্ৰেই ৰিচাৰ্জ কৰক । ৰিচাৰ্জ কৰিবলৈ www.jio.com/r/PrtYKzy3S ক্লিক্ কৰক অথবা জিঅ' ৰিটেইলাৰ-ৰ সৈতে যোগাযোগ কৰক । অন্যান্য প্লেন সমূহৰ বাবে 1991 ক'ল কৰক ।
Spam,"আপোনাৰ জিঅ' নম্বৰৰ প্লেনৰ বৈধতা আজি সমাপ্ত হ'ব,শীঘ্ৰেই ৰিচাৰ্জ কৰক ।"
Spam,আপোনাৰ Jio নম্বৰ 8638118161 ৰ প্লেনৰ বৈধতা 19-06-2024 তাৰিখে সমাপ্ত হ'ব । পৰিসেৱা সমূহ বন্ধ নহ'বৰ বাবে অনুগ্ৰহ কৰি শীঘ্ৰেই ৰিচাৰ্জ কৰক । ৰিচাৰ্জ কৰিবলৈ www.jio.com/r/PlFKvwqKt ক্লিক্ কৰক । অন্যান্য প্লেন সমূহৰ বাবে 1991 ক'ল কৰক ।
Spam,JioAutoPay বাছনি কৰক আৰু কেতিয়াও ৰিচাৰ্জৰ তাৰিখ মিছ নকৰিব। যিকোনো সময়তে ৰিচাৰ্জ প্লেন আৰু পেমেণ্ট মোড সলনি কৰক। একাধিক নম্বৰ আৰু নিৰ্ধাৰিত তাৰিখ মেনেজ কৰক। -  https://www.jio.com/selfcare/autopay/
Spam,"মাইজিঅ' এপ্-ৰ সৈতে আপোনাৰ প্লেনৰ বৈধতা পৰীক্ষা কৰক , অনুসন্ধান কৰক শ্ৰেষ্ঠ প্লেন, নতুন অফাৰ আৰু বহুতো । ইনষ্টল কৰিবলৈ আৰু অসমীয়া ত MyJio-ৰ অভিজ্ঞতা লাভ কৰিবলৈ https://www.jio.com/GetMyJio ক্লিক্ কৰক । MyJio-ৰ ভাষা কেনেকৈ সলনি কৰে জানিবলৈ https://youtu.be/Lt5WdqNzlrU কৰক ।"
Spam,"আপোনাৰ ভাষাত গুৰুত্বপূৰ্ণ আপডেট আৰু তথ্য লাভ কৰক! www.jio.com/r/Pf7qNpeG5  ক্লিক কৰি আপোনাৰ পছন্দৰ ভাষা আপডেইট কৰক
টিম Jio"
Spam,আপোনাৰ Jio কানেকশ্ব্নৰ সম্বন্ধে কোনো প্ৰশ্ন আছে নেকি? সকলো উত্তৰ পাবলৈ www.jio.com/r/Pf32kWOlI ক্লিক্ কৰক ।
Spam,"আপোনাৰ পছন্দৰ এটা সুন্দৰ  JioTune ৰ সৈতে আপোনাৰ কলাৰসকলক অভিবাদন জনাওক!আমাৰ বিস্তৃত সংগ্ৰহৰ পৰা যিকোনো গান বাছনি কৰক, বলীউডৰ হিটৰ পৰা আন্তৰ্জাতিক ট্ৰেকলৈকে, আঞ্চলিক প্ৰিয়ৰ প্ৰতি ভক্তিমূলক সুৰ, আৰু বহুতো। অনুগ্ৰহ কৰি মন কৰিব, আপুনি 30 দিনৰ বাবে কেৱল এটা বিনামূলীয়া JioTune ছেট কৰিব পাৰে।  তাৰ পিছত একেটা JioTune ব্যৱহাৰ কৰা অব্যাহত ৰাখিবলৈ, আপুনি MyJio এপৰ জৰিয়তে ম্যাদ উকলি যোৱাৰ আগতে ইয়াক নৱীকৰণ কৰিব লাগিব। আপুনি সীমাহীন JioTune উপভোগ কৰিবলৈ এটা পেক ও কিনিব পাৰে। JioTune কেনেদৰে ছেট কৰিব লাগে জানিবলৈ, ক্লিক কৰক www.jio.com/r/O9czlmIS7"
Spam,"আপোনাৰ নিজৰ ভাষাত ডাটা বেলেঞ্চ, প্লেনৰ বৈধতা আৰু আকৰ্ষণীয় ৰিছাৰ্জ প্লেনসমূহৰ বিষয়ে জানিবলৈ আপোনাৰ জিঅ' নম্বৰ-ৰ পৰা 1991 ডায়েল কৰক ।"
Spam,"আপোনাৰ বেলেঞ্চ, প্লেনৰ বৈধতা ,আকৰ্ষণীয় অফাৰ আৰু অন্যান্য বিষয়ে জানিবলৈ MyJio এপ্ ব্যৱহাৰ কৰক । টাইপ্ ন’কৰি, সহায়ৰ বাবে আপোনাৰ ভইচ্ এচিচষ্টেণ্টৰ সৈতে কথা কওঁক । ইনষ্টল কৰিবলৈ www.jio.com/r/O7HLjBuLe ক্লিক্ কৰক। অধিক জানিবলৈ https://youtu.be/nkg_fLUUxD8 ক্লিক্ কৰক ।"
Spam,অতুলনীয় সেৱাৰ সৈতে ভাৰতৰ একমাত্ৰ প্ৰকৃত 5G নেটৱৰ্কৰ অভিজ্ঞতা লাভ কৰক। প্ৰতিমাহে মাত্ৰ ₹349 ৰ পৰা আৰম্ভ কৰি সীমাহীন 5G ডাটা উপভোগ কৰক। প্লাছ প্ৰতিমাহে ২০% পৰ্যন্ত ৰাহি কৰক অন্য অপাৰেটৰ পৰা !
Spam,Jio 'ৰ সৈতে সংযুক্ত হৈ থাকক আৰু Jio'ৰ বিশ্বমানৰ সেৱা উপভোগ কৰি থাকক যিটো আজিও আটাইতকৈ সুলভ হৈ আছে।
Spam,"মন কৰিব, TRAI মোবাইল টাৱাৰ লগোৱাৰ বাবে NOC জাৰী কৰিব নালাগে।যদি কোনোবাই আপোনাৰ লগত মিছাকৈ এনেধৰণৰ বাতৰিৰ সৈতে সম্পৰ্ক কৰিব বিচাৰে তেন্তে আপুনি বিষয়টোৰ সৈতে সম্বন্ধিত মোবাইল সেৱাকৰ্তাক জনাব পাৰে।"
Spam,"এটা আন্তঃৰাষ্ট্ৰীয় কল গ্ৰহণ কৰাৰ সময়ত, যদিহে আপোনাৰ ফোনত ভাৰতীয় নম্বৰ প্ৰদৰ্শিত কৰে বা কোনো নম্বৰ প্ৰদৰ্শিত নকৰে, তেন্তে অনুগ্ৰহ কৰি এইটো DoT টোল ফ্ৰী নম্বৰত অৱগত কৰাওঁক 1800110420 / 1963."
Spam,চেট কৰক আপোনাৰ প্ৰিয় টিউন/নাম কলাৰ টিউন হিচাপে. ক্লিক bit.ly/Nametune
Spam,"যদি আপুনি লেনদেন নাই কৰা আৰু আপুনি ডেবিট হোৱা এছএমএছ লাভ কৰিছে, তেন্তে আপোনাৰ বেংক/ই-ৱালেটক ততালিকে জনাওক আৰু ইউপিআই সহ সকলো ডেবিটৰ ম'ড ব্লক কৰক। -RBI"
Spam,কাৰোবাৰ পৰা ধন লাভ কৰিবলৈ OTP নিদিব বা বাৰক’ড/QR ক’ড স্কেন নকৰিব বা MPIN নিলিখিব। কোনোবাই যদি এনে বাৰ্তা প্ৰেৰণ কৰে বা আপোনাক এনেকুৱা কাম কৰিবলৈ কয় তেন্তে সাৱধান হ'ব। -RBI
Spam,বিফল ডিজিটেল লেনদেনৰ বাবে ডেবিট কৰা ধন নিৰ্দিষ্ট সময়ৰ ভিতৰত আপোনাৰ কাৰ্ড/ PPI/ বেংক একাউন্টত ক্ৰেডিট কৰা হ'ব। অধিক জানিবলৈ 14440 ত কল কৰক। -RBI
Spam,আপোনাৰ বেংক/এনবিএফচি/ ই-ৱালেটৰ দ্বাৰা 30 দিনৰ ভিতৰত অভিযোগ নিস্পত্তি নকৰা/ আপুনি লাভ কৰা উত্তৰত সন্তুষ্ট নহয় নেকি? আৰবিআই লোকপালৰ সৈতে  https://cms.rbi.org.in. -ত যোগাযোগ কৰক। -RBI
Spam,"বেংক/এনবিএফচি/ই-ৱালেটৰ বিৰুদ্ধে 24x7 অভিযোগ দাখিল কৰিবলৈ https://cms.rbi.org.in ব্যৱহাৰ কৰক। তাত্‍ক্ষণিক স্বীকৃতি, পঞ্জীয়ন নম্বৰ লাভ কৰি ইয়াৰ অগ্ৰগতি ট্ৰেক কৰক। -RBI"
Spam,অনুগ্ৰহ কৰি ফটা আৰু লেতেৰা নোট সলনি কৰিবলৈ আপোনাৰ ওচৰৰ বেংকৰ শাখালৈ যাওঁক। অধিক জানিবলৈ 14440-ত এটা মিছড কল দিয়ক। -RBI
Spam,"যদি আপুনি লেনদেন কৰা নাই আৰু আপুনি আপোনাৰ একাউণ্টৰ পৰা ডেবিট কৰাৰ অ'টিপি লাভ কৰে, তেন্তে ততালিকে আপোনৰ বেংক/ই-ৱালেটক জনাওক। -RBI"
Spam,আপোনাৰ বেংক/এনবিএফচি/পেমেণ্ট ব্যৱস্থাৰ অংশগ্ৰহণকাৰী/ক্ৰেডিট ইনফমেশ্যন কোম্পানীয়ে 30 দিনৰ ভিতৰত অভিযোগৰ উত্তৰ নাই দিয়া/প্ৰাপ্ত উত্তৰত সন্তুষ্ট নহয়? https://cms.rbi.org.in ত আৰ বি আইৰ লোকপালত অভিযোগ দিয়ক। অধিক তথ্যৰ বাবে 14440 ত কল কৰক। -RBI
Spam,"প্ৰিয় ভোটদাতা, আপোনাৰ ভোট, আপোনাৰ অভিমত। আজি ভোটাধিকাৰ সাব্যস্ত কৰাৰ দিন।আহক আমি সগৌৰৱেৰে ভোটদান কৰো। সবিশেষ জানিবৰ বাবে https://elections24.eci.gov.in/ চাওক। ভাৰত নিৰ্বাচন আয়োগ"
Spam,"নিশ্চিত কৰক যে আপোনাৰ যোগাযোগৰ বিৱৰণ সঠিক যাতে আপুনি কেতিয়াও Jio'ৰ পৰা গুৰুত্বপূৰ্ণ আপডেটৰ পৰা বঞ্চিত নহয়। আপুনি মাইজিঅ' এপ ব্যৱহাৰ কৰি আপোনাৰ যোগাযোগৰ বিৱৰণ সহজে প্ৰমাণিত কৰিব পাৰে। আপোনাৰ সম্পৰ্কৰ বিৱৰণ পৰীক্ষা কৰিবলৈ আৰু আপডেট কৰিবলৈ,ক্লিক কৰক www.jio.com/r/PnO4n3LBP"
Spam,"আশা কৰোঁ আপুনি Jio'ৰ সৈতে ডিজিটেল অভিজ্ঞতা উপভোগ কৰি আছে। নিশ্চিত কৰক যে আপুনি কেতিয়াও গুৰুত্বপূৰ্ণ আপডেটবোৰ হেৰুৱাব নোৱাৰে, মাইজিঅ' ব্যৱহাৰ কৰি আপোনাৰ যোগাযোগৰ বিৱৰণ প্ৰমাণিত কৰক। আপোনাৰ সম্পৰ্কৰ বিৱৰণ পৰীক্ষা কৰিবলৈ আৰু আপডেট কৰিবলৈ,ক্লিক কৰক www.jio.com/r/PbsuipY6j"
Spam,"Jio'ত যোগদান কৰাৰ বাবে আপোনাক ধন্যবাদ।নিশ্চিত কৰক যে আপুনি কেতিয়াও গুৰুত্বপূৰ্ণ আপডেটবোৰ হেৰুৱাব নোৱাৰে, মাইজিঅ' ব্যৱহাৰ কৰি আপোনাৰ যোগাযোগৰ বিৱৰণ প্ৰমাণিত কৰক। আপোনাৰ সম্পৰ্কৰ বিৱৰণ পৰীক্ষা কৰিবলৈ আৰু আপডেট কৰিবলৈ,ক্লিক কৰক www.jio.com/r/O7JxalUXb"
Spam,"Jio নম্বৰ  8638118161 বাবে আপোনাৰ বৰ্তমানৰ প্লেন Rs 239-1m-1.5GB/D  19-Jun-24 19:23 Hrsতাৰিখে সমাপ্ত হ'ব। বৰ্তমান আঁচনিৰ ম্যাদ উকলি যোৱাৰ পিছত, যদি আপুনি আঁচনি এখনৰ সৈতে ৰিচাৰ্জ নকৰে তেন্তে আপোনাৰ সেৱাবোৰে কাম কৰা বন্ধ কৰিব। ৰিচাৰ্জ কৰিবলৈ, click https://www.jio.com/selfcare/recharge আপোনাৰ বৰ্তমানৰ বেলেন্স, বৈধতা, প্লেনৰ বিৱৰণ আৰু ৰোমাঞ্চকৰ ৰিচাৰ্জ আঁচনিৰ বাবে জানিবলৈ 1991 ডায়েল কৰক।"
Spam,"আপোনাৰ Jio নম্বৰ 8638118161-ত Rs. 239.0 টকাৰ ৰিচাৰ্জ সফলতাৰে সম্পন্ন হৈছে।
বিৱৰণ : Benefits: 
1. UNLIMITED DATA - 42 GB (1.5 GB/Day)
2. UNLIMITED CALLS 
3. 100 SMS/Day
4. Complimentary Jio Apps
Validity - 28 days
ট্ৰানজেকচন আইডি : 30009795379308
আপোনাৰ বৰ্তমান আৰু আপকামিং প্লেনচ সমূহৰ বিষয়ে জানিবলৈ https://www.jio.com/dl/my_plans ক্লিক্ কৰক।
আপোনাৰ JIo ৰিচাৰ্জৰ অভিজ্ঞতা এই লিংকটোত ক্লিক কৰি আমাক জনাওক  https://www.jio.com/en-in/jio-rech-exp-survey-assamese?custid=30009795379308
আপোনাৰ বৰ্তমান বেলেঞ্চ, ভেলিডিটি, প্লেনৰ বিৱৰণ আৰু আকৰ্ষণীয় ৰিছাৰ্জ প্লেন সমূহৰ বিষয়ে জানিবলৈ 1991 ডায়েল কৰক।"
Spam,অভিনন্দন DEAR CUSTOMER ! আপোনাৰ 9 লাখ টকাৰ ঋণ বিতৰণৰ বাবে সাজু। এয়াৰটেল ফাইনেন্সৰ দ্বাৰা নিশ্চিত ঋণৰ বাবে আপোনাক পূৰ্ব-অনুমোদিত। এতিয়াই লাভ কৰক https://i.airtel.in/FSPANM
Spam,"আপোনাৰ মতামত আমাৰ বাবে গুৰুত্বপূৰ্ণ
Jio মোবাইল সেৱাৰ অভিজ্ঞতাৰ ওপৰত আপোনাৰ মূল্যৱান মতামত শ্বেয়াৰ কৰিবলৈ ৩০ ছেকেণ্ড সময় ৰাখক
www.jio.com/r/Pt4LVuGcY"
Spam,"প্ৰিয় গ্ৰাহক, Jio নেটৱৰ্কত আপোনাৰ অভিজ্ঞতাক আমি কেনেকৈ আৰু ভাল কৰি তুলিব পাৰো সেই বিষয়ে জনাবলৈ www.jio.com/r/Plnf6abst ত ক্লিক কৰক। ধন্যবাদ টিম Jio"
Spam,"চাইবাৰ সুৰক্ষিত হওক! আপোনাৰ ডিভাইচক বটনেট সংক্ৰমণ আৰু মেলৱেৰৰ পৰা সুৰক্ষিত কৰিবলে CERT-In GoI এ পৰামৰ্শ দিয়ে যে ""Free Bot Removal Tool"" ডাউনলোড কৰিবলৈ https://www.csk.gov.in"
Spam,"আই এম ডি গুৱাহাটীয়ে শিলাবৃষ্টিৰ সৈতে ধুমুহা আৰু মধ্যমীয়া বৰষুণৰ পূৰ্বাভাস প্ৰকাশ কৰিছে যিটো কাছাৰ, হাইলাকান্দি আৰু কৰিমগঞ্জৰ ওপৰত বিচ্ছিন্ন স্থানত অহা&nbsp;৩&nbsp;ঘণ্টাত হোৱাৰ সম্ভাৱনা অতিশয় বেছি। ASDMA ৰ দ্বাৰা জনস্বাৰ্থত জাৰি কৰা। অধিক বিৱৰণৰ বাবে http://bit.ly/3Fb3Osz আৰু http://apple.co/3ywcV3f চাওক।"
Spam,এজন অভিভাৱক হিচাপে আপোনাৰ সন্তানৰ সুৰক্ষাতকৈ বেছি গুৰুত্বপূৰ্ণ একোৱেই নাই। আপোনাৰ সুৰক্ষা নেট অনলাইনত সম্প্ৰসাৰিত কৰক - এটা বিশ্বাসযোগ্য উৎসৰ পৰা আপোনাৰ কমপিউটাৰত অভিভাৱক নিয়ন্ত্ৰণ ফিল্টাৰ (PCF) ইনষ্টল কৰক আৰু আপোনাৰ সন্তানক অসুৰক্ষিত সামগ্ৰী আৰু যোগাযোগসমূহ অভিগম কৰাৰ পৰা সুৰক্ষিত কৰক - MeitY ৰ পৰা বাৰ্তা
Spam,"Hi , Exchange Benefit & Easy EMI ৰ সৈতে 27,990* টকাৰ পৰা আৰম্ভ হোৱা 1.5 Ton 3-Star AC লাভ কৰক। ক্ৰ'মা ষ্ট'ৰ চাওক http://m.tneu.in/TNCRMA/9MKLZgq T&C"
Spam,"TRAI এ কেতিয়াও কোনো বাৰ্তা প্ৰেৰণ নকৰে বা কোনো ফোন নকৰে, মোবাইল ব্যৱহাৰকাৰী/নম্বৰৰ অবৈধ কাৰ্যকলাপৰ সৈতে জড়িত হোৱাৰ পৰীক্ষণ/ সংযোগ বিচ্ছিন্ন/ প্ৰতিবেদনৰ বাবে। TRAI ৰ নামত এনে ধৰণৰ প্ৰৱঞ্চনামূলক মেছেজ/কলৰ পৰা সাৱধান হওক। এই বাৰ্তা/কলসমূহ টেলিকম বিভাগৰ চাক্ষু প্লেটফৰ্মত https://sancharsaathi.gov.in/sfc/ ত ৰিপৰ্ট কৰিব লাগে।"
Spam,"ভাৰত, নেটমেডছৰ গ্ৰেণ্ড ৰিপাব্লিক দিৱসৰ বিক্ৰী LIVE! আজিয়েই মেডছত ২৬% ৰেহাইৰ ফ্লেট পাওক। ক'ড ব্যৱহাৰ কৰক: REPUBLIC। এতিয়াই বজাৰ কৰক https://vm.ltd/NMSOFR/2Qtfpf"
Spam,"শেষ সুযোগ! ৫০ টকালৈ উন্নীতকৰণ। 899 প্লেন & 90 দিনৰ বাবে 2GB/দিন পাব + আনলিমিটেড ট্ৰু 5G ডাটা + অতিৰিক্ত 20GB। ৫০ টকা ৰাহি কৰক। ৬২ টকাৰ উপহাৰ লাভ কৰে। EaseMyTrip, AJIO & Swiggy ৰ পৰা ২১৫০। টি এণ্ড চি প্ৰযোজ্য। এতিয়া ৰিচাৰ্জ কৰিবলৈ ইয়াত ক্লিক কৰক:
www.jio.com/r/AtynEaTX1 ৰ ওপৰত"
Spam,JioAutoPay বাছনি কৰক আৰু কেতিয়াও ৰিচাৰ্জৰ তাৰিখ মিছ নকৰিব। যিকোনো সময়তে ৰিচাৰ্জ প্লেন আৰু পেমেণ্ট মোড সলনি কৰক। একাধিক নম্বৰ আৰু নিৰ্ধাৰিত তাৰিখ মেনেজ কৰক। -  https://www.jio.com/selfcare/autopay/
Spam,"14th Feb. তাৰিখে Ghy ত healthcare Cancer Centre, BANGALORE, DR KRITHHI KOUSHIK ৰ পৰা Cancer Spec. Head&Neck cancer,Breast cancer.Liver cancer Call: 9864017117 NVYASM"
Spam,"আপোনাৰ উৎসৱমুখৰ ছুটিৰ দিনটো স্তৰ আপ! 8000 টকা পুনৰ লোড কৰক & 13,560 গেম ক্ৰেডিট গ্ৰেব কৰক। অফাৰ শেষ হ'ব ১৬ মাৰ্চত! এতিয়া পুনৰ লোড কৰক বা আপোনাৰ ওচৰৰ Timezone এতিয়া চাওক! টি এণ্ড চি প্ৰযোজ্য।"
Ham,মানুহৰ অস্তিত্ব ৰক্ষাৰ বাবে অপেক্ষাৰ ধাৰণাটো অতি গুৰুত্বপূৰ্ণ। মানুহক জীয়াই ৰাখিবলৈ টনিকৰ অপেক্ষা...---হুমায়ুন আহমেদ
Ham,পুৰুষৰ হৃদয় আৰু মন ভাঙিবলৈ নাৰীৰ দৰে ভাল নহয়। -চাৰুচন্দ্ৰ বেনাৰ্জী
Ham,"আপুনি ভালপোৱা মানুহবোৰৰ আগত কেতিয়াও নিজৰ দুৰ্বলতা প্ৰকাশ নকৰিবা,
আপুনি যদি প্ৰকাশ কৰে, তেন্তে ই আপোনাক ঠিক দুৰ্বল ঠাইত আঘাত কৰিব।"""
Ham,"এই বন্ধৰ দিন আৰু এই বতৰৰ আত্মাই আপোনাৰ হৃদয়খন মৰম, শান্তি, আৰু শান্তিৰে ভৰাই তোলক। এই ইছলামিক নৱবৰ্ষত আপোনালোকলৈ বহুত শুভেচ্ছা থাকিল।"
Ham,মুছলিম উম্মাহ আৰু সকলো ইছলামিক দেশৰ ওপৰত সৰ্বশক্তিমান আল্লাহ তা'আলাই ৰহমত বৰষুণ কৰক। হিজৰী নৱবৰ্ষৰ শুভেচ্ছা জনালোঁ।
Ham,মুছলিম উম্মাহ আৰু সকলো ইছলামিক দেশৰ ওপৰত সৰ্বশক্তিমান আল্লাহ তা'আলাই ৰহমত বৰষুণ কৰক। হিজৰী নৱবৰ্ষৰ শুভেচ্ছা জনালোঁ।
Ham,২০২২ চনৰ ১ অক্টোবৰৰ পৰা ভূমি পঞ্জীয়নৰ বাবে অনলাইনযোগে ১১০০ টকাৰ ডিচিআৰ মাচুল দিয়াটো বাধ্যতামূলক। -ভূমি মন্ত্ৰালয়
Ham,"আজি মহামহিম ৰাষ্ট্ৰপতি মোঃ আব্দুল হামিদে ""বংগবন্ধু গ্ল'বেল ইউথ লিডাৰশ্বিপ এৱাৰ্ড ২০২০"" উদ্বোধন কৰিব।"
Spam,ফ্ৰীলান্সিং কৰি ঘৰৰ পৰাই টকা উপাৰ্জন কৰক! ১২৯ নম্বৰত ফোন কৰক
Spam,বিনামূলীয়া প্ৰশিক্ষণ আৰু ঘৰৰ পৰা কাম
Spam,আপোনাৰ ডাটা (*3#)+ মিনিট (*222*8#) পেক ক্ৰয় সফল হৈছে।
Spam,"50p/s (+কৰ) হাৰ পাইছো, অধিক অফাৰৰ বাবে *888# ডায়েল কৰক"
Spam,ৰেট+ইণ্টাৰনেট পাইছে। অধিক অফাৰ জানিবলৈ *888# ডায়েল কৰক।
Spam,"আপুনি এটা ডাটা পেক পাইছে। পৰীক্ষা কৰিবলৈ, *3# ডায়েল কৰক।"
Spam,কল ড্ৰপ কৰিবলৈ আপোনাৰ হাতত ৰবিৰ পৰা ১ মিনিট ০ ছেকেণ্ড (১৫ দিনৰ বাবে বৈধ) আছে। যিকোনো ৰবি নম্বৰত ব্যৱহাৰ কৰিব পাৰিব। বেলেন্স চেক কৰিবলৈ *222*2# ডায়েল কৰক কল ড্ৰপৰ সবিশেষ জানিবলৈ *121*765# ডায়েল কৰক।
Spam,কল ড্ৰপৰ বাবে আপুনি বিনামূলীয়া মিনিট পাব। বেলেন্স পৰীক্ষা *২২২*২#
Spam,আজি ১জিবি ফেচবুক ৭ দিনৰ বাবে ১১ টাকাত! *২১২৯১*৯১# ডায়েল কৰক।
Spam,আজি ৩০ জিবি+৫০০ মিনিট ৩০ দিনৰ বাবে ৪৪৫ টকাত! *২১২৯১*৬১# ডায়েল কৰক।
Spam,কল ড্ৰপৰ বাবে আপুনি বিনামূলীয়া মিনিট পাব। বেলেন্স পৰীক্ষা *২২২*২#
Ham,আৰ্তজন আৰু মানৱতাৰ সেৱাত অঞ্জুমান মুফিদুল ইছলামক আপোনাৰ জাকাত আৰু চাদাকা দান কৰক।
Ham,১৪২৮ চনত পৃথিৱীখন কৰ'ণাৰ পৰা মুক্ত হওক। এই কামনাৰে সকলোকে বাংলা নৱবৰ্ষৰ আন্তৰিক শুভেচ্ছা জনালোঁ।
Ham,"পাহাৰীয়া মানুহৰ সামাজিক উৎসৱ বৈছাৱী উপলক্ষে, ১২ এপ্ৰিল, ২০২৪ তাৰিখে সকলোকে শুভেচ্ছা জনাইছো। বঙালী নৱবৰ্ষ আৰু বৈছাৱীয়ে শান্তি, সম্প্ৰীতি আৰু সমৃদ্ধি কঢ়িয়াই আনক' - মন্ত্ৰালয়ৰ চিটাগং হিল ট্ৰেক্টছ এফেয়াৰ্ছ।"
Spam,শেষ দিনটো! এপৰ পৰা ৩০ টাকা ৰিচাৰ্জত ৫০% কেছবেক! https://bKa.sh/৮এপ্প্
Spam,bKash app ৰ পৰা ৩০ টকীয়া ৰিচাৰ্জত ৫০% কেছবেক! https://bKa.sh/৮এপ্প্
Ham,১১ এপ্ৰিলৰ পৰা অগ্নিনিৰ্বাপক বাহিনীৰ কেন্দ্ৰীয় নিয়ন্ত্ৰণ কক্ষৰ ফোন নম্বৰ হ’ব ৯৫৫৫৫৫৫ৰ পৰিৱৰ্তে ০২২২ ৩৩ ৫৫৫৫৫।
Spam,আপোনাৰ কাৰ্ডৰ পৰা bKash ত ৪৫০ টকা যোগ কৰিলে ৫০ টকা কেছবেক পাব! টিচিএ
Spam,bKash app ৰ পৰা নিজৰ নম্বৰত ১৫ টাকা ৰিচাৰ্জ কৰিলে ১০০% কেছবেক!
Spam,শেষ দিনটো! এপটোৰ পৰা নিজৰ নম্বৰত ৫০ টকীয়া ৰিচাৰ্জত ২০ টকা কেছবেক লাভ কৰক।
Spam,৫০ টাকা বোনাছৰ সৈতে স্বপ্নাত ১০০ টাকা ডিছকাউন্ট কুপন! আজি আপোনাৰ বেংকৰ পৰা দুবাৰকৈ bKash ত ১৫০০ টকা যোগ কৰক।TCA
Spam,শুকুৰবাৰে ৫০ টাকা বোনাছ আৰু স্বপ্নাত ১০০ টাকা ৰেহাই কুপন পাওক! শুকুৰবাৰে আপোনাৰ বেংকৰ পৰা দুবাৰকৈ bKash ত ১৫০০ টকা যোগ কৰক।TCA
Spam,"বেংকৰ পৰা bKash লৈ অনা প্ৰতি ৪৪০ টকাৰ বিপৰীতে ২৫ টকা কেছবেক পাওক, ১ বাৰ! টিচিএ"
Spam,এই বাৰ্তাটো শ্বেয়াৰ কৰক আৰু লাভ কৰক ৰোমাঞ্চকৰ পুৰস্কাৰ!
Ham,লেনদেন নম্বৰ R234321.1554.640085 ২০ টকীয়া ৰিচাৰ্জ সফল হয়। আপোনাৰ বৰ্তমানৰ বেলেঞ্চ ২২০.০১ টকা। ১১/০৩/২৪লৈকে নতুন কাৰ্যকাল
Spam,এটা নতুন গেজেট কিনি লওক আৰু ১০% কেছবেক পাব!
Spam,বিশেষ ৰেহাই! সীমিত সময়ৰ বাবে ৮০% পৰ্যন্ত ৰেহাই!
Spam,আজিয়েই ক্লিক কৰক আৰু ৫০০০ টাকা লাভ কৰক!
Spam,বিশেষ ৰেহাই! সকলো সামগ্ৰীতে ৮৫% পৰ্যন্ত ৰেহাই!
Spam,নতুন এপটো ডাউনলোড কৰক আৰু বিনামূলীয়া উপহাৰ কাৰ্ড জিকিব!
Spam,আপোনাৰ মোবাইল নম্বৰ প্ৰৱেশ কৰক আৰু বিনামূলীয়া ডাটা পেক লাভ কৰক!
Ham,"সকলো প্ৰশংসা আৰু কৃতজ্ঞতা আল্লাহৰ ওচৰত, আকাশত যি আছে আৰু পৃথিৱীত যি আছে, তেওঁৰেই। মুহৰম আশীৰ্বাদ হওক।"
Spam,প্ৰতিদিনে ৭০০ টকীয়া প্ৰতিটো ক্ৰয়ৰ সৈতে বিনামূলীয়া উপহাৰ!
Spam,আজিৰ বিশেষ অফাৰ! মাংসত ২৫% ৰেহাই!
Spam,16 টাকা Cashback on 11 Taka bKash App TCA ত ৰিচাৰ্জ https://bKa.sh/8app
Spam,প্ৰতি ৬৫০০ টাকাৰ বাবে ৫০ টাকা বোনাছ কাৰ্ডৰ পৰা bKash লৈ ধন যোগ কৰা! ২ বাৰ টিচিএ
Spam,আপুনি ডাটা পেক+মিনিট পাইছে! পৰীক্ষা কৰিবলৈ *3# আৰু *222*8# ডায়েল কৰক।
Spam,অফাৰ শেষ হোৱাৰ আগতে ৳249 ঘচাং ৰিচাৰ্জত 28 দিনৰ বাবে 20GB লাভ কৰক
Spam,"প্ৰিয় অভিজাত শ্ৰেণী, ৰং বাংলাদেশৰ পৰা অনলাইন ক্ৰয়ত ১০% ৰেহাই লাভ কৰিছে! প্ৰমো ক'ড পাবলৈ REW<SPACE>RANG টাইপ কৰক আৰু 1213 লৈ পঠাওক।"
Spam,আজি আপুনি cutt.ly/c630 এপটোত 40GB+800m+32৳ cashback 630৳ অফাৰ পাব
Ham,এই নৱবৰ্ষৰ দিনটোত আপোনালোকৰ সকলো দুখ দূৰ হওক। ১৪৪৬ চনৰ হিজৰীৰ শুভেচ্ছা থাকিল।
Spam,মোৰ ৰবি এপত শ্ৰেষ্ঠ ধমাকা অফাৰ
Spam,ৰবি এপ 30GB+800m 30 দিন 550৳ ধমাকা অফাৰ ক্লিক কৰক cutt.ly/cor
Ham,"১৮ ডিচেম্বৰ ""আন্তঃৰাষ্ট্ৰীয় প্ৰব্ৰজনকাৰী দিৱস, ২০২১""। এইবাৰৰ এই দিৱসৰ বিষয়বস্তু হৈছে ""শতবাৰ্ষিকীত জাতিৰ পিতৃ, সোণত স্বাধীনতা;"" ""আমি অনুপ্ৰৱেশৰ বাবে মৰ্যাদা আৰু নৈতিকতা কঢ়িয়াই আনিম"" - প্ৰবাসী কল্যাণ আৰু বহিঃৰাজ্যৰ নিয়োগ মন্ত্ৰালয়"
Ham,"স্থবিৰ পানী ধ্বংসাত্মক, ইডিছ মহে বাহ সাজে - স্থানীয় চৰকাৰ বিভাগ"
Ham,"""আজি আন্তঃৰাষ্ট্ৰীয় শব্দ সজাগতা দিৱস।"" শব্দ প্ৰদূষণ এক নিৰৱ হত্যাকাৰী। আহক আমি শব্দ প্ৰদূষণ হ্ৰাস কৰিবলৈ চেষ্টা কৰোঁ। ""পৰিৱেশ বিভাগ, পৰিৱেশ, বন আৰু জলবায়ু পৰিৱৰ্তন মন্ত্ৰালয়"""
Ham,"""মুজিব বছৰৰ শপত, জলপথ সুৰক্ষিত ৰাখক।"" এই কথা মনত ৰাখিয়েই ২০২১ চনৰ ৭ এপ্ৰিলৰ পৰা এসপ্তাহৰ বাবে দেশজুৰি উদযাপন কৰা হৈছে সামুদ্ৰিক সুৰক্ষা সপ্তাহ-২০২১। - জাহাজ বিভাগ।"
Spam,"আজিয়েই আত্মবিশ্বাসেৰে bKash লৈ ৳4,500 পঠাওক আৰু এটা ৳100 কুপন পাওক! tinyurl.com/BkF1122"
Spam,6GB+2GB4G+250min (28 দিন) পাবলৈ bKash/Rocket ত 339 Taka ৰিচাৰ্জ কৰক
Spam,"94 Taka bKash ৰিচাৰ্জত 3 GB ইন্টাৰনেট, বৈধতা 7 দিন।"
Spam,আস্থা এপ tinyurl.com/asthadnld ত ৰবি আৰু এয়াৰটেলত বিনামূলীয়া ৰিচাৰ্জ চাৰ্জ কৰক
Spam,প্ৰতিদিনে সৰ্বাধিক ৫০ হাজাৰ টকা আস্থা এপৰ জৰিয়তে bKash wallet লৈ প্ৰেৰণ কৰক
Spam,100+ ডাইন-ইন আউটলেটত BBL কাৰ্ডত 35% পৰ্যন্ত ৰেহাই! tinyurl.com/BBLDNG
Spam,মহিলা দিৱস উপলক্ষে গোটেই মাৰ্চ মাহত BRAC Bank TARA Card ৰ সহায়ত ১২৭ টা আউটলেটত ৫৫% পৰ্যন্ত ৰেহাই উপভোগ কৰক। tinyurl.com/BBLWD22
Spam,আস্থা এপৰ পৰা যিকোনো বেংক tinyurl.com/bblafd লৈ বিনামূলীয়াকৈ ধন প্ৰেৰণ কৰক
Ham,লেনদেন নম্বৰ R231027.1504.6100a3 ২০ টকা ৰিচাৰ্জ সফল হয়। আপোনাৰ বৰ্তমানৰ বেলেঞ্চ ২০.৭২ টকা। ১১/০৩/২৪লৈকে নতুন কাৰ্যকাল
Spam,এন ডি বনাম পি এ কে ছুপাৰ ফোৰৰ ৰোমাঞ্চকৰ সংঘৰ্ষ চাবলৈ এতিয়াই ৰিচাৰ্জ কৰক!
Spam,এছিয়া কাপৰ ৰোমাঞ্চকৰ IND vs PAK খেলখন চাবলৈ এতিয়াই ৰিচাৰ্জ কৰক!
Ham,দীঘলীয়া ছুটীৰ টিকট বুকিং কৰিবলৈ ক্লিক কৰক: bdtickets.com 16460 নম্বৰত ফোন কৰক
Ham,"মেমে মোক পৰীক্ষা নিদিবলৈ কয়, কিন্তু ৰাহেতে উত্তৰটো কয়। ইতিমধ্যে সি কাইলৈ ​​পৰীক্ষা নিদিব বুলি কৈছিল।"
Ham,"আছালামুৱালাইকুম মেম, মই এতিয়াও অংকৰ বাবে ভালকৈ প্ৰস্তুতি চলাব পৰা নাই।"
Ham,এই কথাটো মইও পাহৰি যাওঁ।
Spam,চনী টেন ২ এইচডিত আকাশ ৰিচাৰ্জত জাৰ্মানী বনাম ইংলেণ্ডৰ খেলখন চাওক
Spam,এণ্ড্ৰইড ফোন এটা পাবলৈ এই লিংকটো ক্লিক কৰক!!
Spam,"""আজি ৭ এপ্ৰিল বিশ্ব স্বাস্থ্য দিৱস।"" এই বছৰৰ বিষয়বস্তু হৈছে ""সকলোৰে বাবে স্বাস্থ্য"", যাৰ অনুবাদ হৈছে ""সকলোৰে বাবে স্বাস্থ্য"" - স্বাস্থ্য সেৱা বিভাগ, স্বাস্থ্য আৰু পৰিয়াল কল্যাণ মন্ত্ৰালয়।"
Spam,চেন্সেশনেল থ্ৰিলাৰ ৱেব ছিৰিজ সদৰঘাটৰ টাইগাৰ cutt.ly/mWKUZTx চাওক
Spam,চোফা কভাৰকে ধৰি সকলো ঘৰ সজ্জাৰ বস্তুত বিশাল ৰেহাই!!!
Ham,আন এটা কথা যিটো বৰ ভয়ংকৰ যেন লাগে সেয়া হ'ল কেঁচুৱাটোৰ প্ৰসৱটো শুনিছোঁ বৰ কষ্টদায়ক।
Spam,"""ডায়েবেটিছ ৰোগীয়ে ৰমজানত উপবাস কৰাৰ পূৰ্বে চিকিৎসকৰ পৰামৰ্শ ল'ব লাগে।"" -NCDC আৰু..."
Spam,"তুরষ্কের বিখ্যাত Aygaz LPG এখন আপনার এলাকায়।
 অর্ডার করুন- 09612090909
 StopAd? SMS BVZI to 21242"
Ham,এতিয়া আৰু সম্ভৱ নহয়।
Ham,আপোনাৰ গুগল সত্যাপন ক'ড।
Ham,"ইয়াৰ পৰাও পঢ়িব পাৰিব, কিতাপখনৰ পৰাও পঢ়িব পাৰিব।"
Ham,"মোৰ ছোৱালীয়ে ইমানবোৰ কথা কয় আন্টি, সামাহা, চাওক তোমাৰ ছোৱালীয়ে কি ধৰে। কোনোবাই ভ্ৰমণৰ সময়ত কিবা এটা ধৰিলে এই কথা কয়।"
Spam,সকলো ESSENTIALS & OPHELIA শ্ব'ৰুমত নূন্যতম ৩০০০ টকা ক্ৰয় কৰি সদস্যপদ কাৰ্ড লাভ কৰিব পাৰিব! যিখন কাৰ্ডে আপোনাক আজীৱন ১০% ৰেহাই দিব!
,এই উৎসৱমুখৰ ঋতু বাটাৰ নতুন জুতা সংগ্ৰহৰ পৰা দোকান আৰু upto 50% OFF @ stores বা bit.ly/4iB6AbZ নিৰ্বাচিত প্ৰবন্ধ .TnC
,"মেট্ৰ' জোতাৰ সৈতে ষ্টাইলত ৰমজান উদযাপন কৰক! 
৯৯৯০ টকাৰ বিলত ৪,৯৯০ টকাৰ এটা বিনামূলীয়া প্ৰিমিয়াম অফিচ বেগ পাব
@ ওবেৰয় আৰ্কেড, জে.এল.
ষ্টক স্থায়ী হোৱালৈকে!"
,"জল্দি! Amazon Pay ত 899 টকাৰ প্লেন (2 GB/day+20 GB Extra & Unlimited 5G Data, Unlimited Voice, 90 Days) ৰ সৈতে Jio নং 9641814276 ৰিচাৰ্জ কৰক। বৰ্তমানৰ ব্যৱহাৰকাৰীয়ে ৫০০ টকা পৰ্যন্ত পুৰস্কাৰ পায়, নতুন ব্যৱহাৰকাৰীয়ে ৪৫ টকা পৰ্যন্ত কেছবেক পায়। টি এণ্ড চি এ। https://amazon.in/jiomay1 ৰ দ্বাৰা প্ৰকাশিত"
,"মহিলা দিৱসৰ শুভেচ্ছা থাকিল!
আমি দিনটো উদযাপন কৰিছো FLAT 50% Off ৰ সৈতে!
কোড: HUTQUEEN
পিজ্জা হাট ষ্ট'ৰ বা এপত দাবী কৰক।
*টি এণ্ড চি
http://u3.mnge.co/PZZHUT/D3rKRvY ৰ দ্বাৰা প্ৰকাশিত"
,"হাট ফিষ্ট পেৰেড বিশেষ
1 কিনিব 3 বিনামূল্যে পাওক!
*এটা মেড পিজ্জা কিনিব & 2 পক্ষ & এটা পেপচি বিনামূলীয়া পাওক!
পিজ্জা হাট ষ্ট'ৰ বা এপত দাবী কৰক।
http://u3.mnge.co/PZZHUT/EmAB5rN ৰ দ্বাৰা প্ৰকাশিত"
,"অনন্যা, পিজ্জা হাটৰ পৰা হোলীৰ শুভেচ্ছা থাকিল!
পিজ্জাত FLAT 50% বন্ধৰ সৈতে উদযাপন!
পিজ্জা হাট ষ্ট'ৰ বা এপত HOLI50 ক'ড ব্যৱহাৰ কৰক।
http://u3.mnge.co/PZZHUT/rzm5J7w ৰ দ্বাৰা প্ৰকাশিত"
,"প্ৰিয় গ্ৰাহক, www.jio.com/r/Pxlz1IjYU ত ক্লিক কৰি আমাক জনাওক যে আমি কেনেকৈ Jio নেটৱৰ্কত আপোনাৰ অভিজ্ঞতা উন্নত কৰিব পাৰো। ধন্যবাদ, টিম জিঅ'"
,"MyJio App ৰ সক্ৰিয় ব্যৱহাৰকাৰী হোৱাৰ বাবে ধন্যবাদ। আমাক আপোনাক সৰ্বোত্তম ডিজিটেল অভিজ্ঞতা প্ৰদান কৰিবলৈ সক্ষম কৰিবলৈ, অনুগ্ৰহ কৰি www.jio.com/r/PvyhqrHKn ক্লিক কৰি আপোনাৰ মতামত শ্বেয়াৰ কৰক। টিম জিঅ'"
,আমি আপোনাৰ পৰা শুনিবলৈ অপেক্ষা কৰি আছো! Jio ৰ নেটৱৰ্কত আপোনাৰ মতামত শ্বেয়াৰ কৰিবলৈ আৰু আপোনাক ভাল সেৱা আগবঢ়োৱাত সহায় কৰিবলৈ www.jio.com/r/PzwnQceIo ক্লিক কৰক। ধন্যবাদ টিম জিঅ'
,"শেষ দিনটো!
মূল্য বৃদ্ধিৰ সতৰ্কবাণী! বৰ্তমানৰ পৰিকল্পনাৰ বৈধতা বা সুবিধা হেৰুৱাই নোপোৱাকৈ আজিয়েই আগতীয়াকৈ ৰিচাৰ্জ কৰক আৰু ২৫% পৰ্যন্ত ৰাহি কৰক। অধিক সময়ৰ বাবে সঞ্চয় উপভোগ কৰক - আজিয়েই ৩ / ১২ মাহৰ পৰিকল্পনা ৰিচাৰ্জ কৰক। শীঘ্ৰেই বৃদ্ধি পাব দাম। সোনকাল কৰা! www.jio.com/r/PwuPk7qKP ৰ দ্বাৰা প্ৰকাশিত"
,"Jio ৰ ৮ম বৰ্ষপূৰ্তিৰ অফাৰ! ৮৯৯ টকা, ৯৯৯ টকা, বা ৩৫৯৯ টকাৰে ৰিচাৰ্জ কৰক আৰু নিশ্চিত উপহাৰ লাভ কৰক: Ajio কুপন, ১০ টা OTT, আৰু Zomato Gold চাবস্ক্ৰিপচন। ৫ ছেপ্টেম্বৰৰ পৰা ১০ ছেপ্টেম্বৰলৈ বৈধ। এতিয়াই ৰিচাৰ্জ কৰক: www.jio.com/r/PZ4eVsyZk"
,JioHotstar লাইভ ক্ৰিকেট মেচ আনলক! ১৯৫ টকীয়া ডাটা এড-অনৰ সৈতে ৰিচাৰ্জ কৰক আৰু ৯০ দিনৰ বাবে ১৫ জিবি ডাটা + জিঅ’হটষ্টাৰ পাছৱৰ্ড লাভ কৰক। কওক মিহলি নহ’ব! গতিকে ৰিচাৰ্জ: www.jio.com/r/Re37M49Sp
,"প্ৰিয় গ্ৰাহক, মহিলা দিৱসৰ বিশেষ: নাৰী পৰিষ্কাৰ-পৰিচ্ছন্নতাৰ সামগ্ৰীত ৫০% পৰ্যন্ত OFF লাভ কৰক। 1 কিনতে 1 বিনামূল্যে পাওক নির্বাচিত হুইস্পাৰ শোষক সময়সীমা প্যান্টি, Stayfree All Nights Soft Touch, & Apollo মহিলাদের অন্তৰংগ মচি পেক. ওচৰৰ এপ'ল' ফাৰ্মাচীলৈ যাওক বা এপ'ল' ২৪|৭ এপৰ জৰিয়তে অৰ্ডাৰ কৰক। ct3.io/4JoYPsN *টিচিএ"
,"হে অনন্যা,
হাট ফিষ্ট পেৰেড!
আপোনাৰ বাবে বিনামূলীয়া মাৰ্ঘেৰিটা পিজ্জা!
কোড: FREEPIZZA
দোকান ভ্ৰমণ বা Pizza Hut অ্যাপ্লিকেশন মাধ্যমে ব্যবহার!
*টি এণ্ড চি
http://u3.mnge.co/PZZHUT/X1Q3pJ4 ৰ দ্বাৰা প্ৰকাশিত"
,"দেওবাৰৰ বিশেষ: ১ কিনিব ৩ টা বিনামূলীয়া পাব
মেড / পাতল খোলা পিজ্জা অর্ডার & 2 পক্ষ + 1 পেপসি বিনামূল্যে পাওক!
Pizza Hut দোকান বা অ্যাপ্লিকেশন এ উপলব্ধ!
http://u3.mnge.co/PZZHUT/jWRJkVn ৰ দ্বাৰা প্ৰকাশিত"
,"এটা ""YES!"" বিচাৰেনে? মাত্ৰ এটা পিজ্জাৰ সৈতে দেখুৱাওক!
আপোনাৰ অৰ্ডাৰত FLAT Rs.250 Off পাব!
পিজ্জা হাট ষ্ট'ৰ বা এপত ক'ড LOVE250 ব্যৱহাৰ কৰক।
*টি এণ্ড চি
http://u3.mnge.co/PZZHUT/z7jWAmO ৰ দ্বাৰা প্ৰকাশিত"
Ham,"আজি ২১ জুন, বিশ্ব জলবিজ্ঞান দিৱস। এইবাৰ দিনটোৰ বিষয়বস্তু হৈছে “হাইড্ৰ’গ্ৰাফীত আন্তঃৰাষ্ট্ৰীয় সহযোগিতাৰ এশ বছৰ” – বাংলাদেশৰ নৌসেনা।"
,আজিয়েই কিনিব 315m (30 দিনৰ বৈধতা) + 60p/m (+কৰ) হাৰ (45 দিন) ৳194 ৰিচাৰ্জত
,দাৰাজত ৯৯৯ টকীয়া বজাৰ কৰিলে ৯৯ টকীয়া ৰেহাই! ক্লিক কৰক.daraz.com.bd/e/_eB2UT
,মোৰ ৰবি এপটো ৰেফাৰ কৰি ১ জিবি জয় কৰক। নতুন পঞ্জীয়ন কৰিলে পাব ১ জিবি!! https://cut.ly/১অয়ইনছ
,FRAUD ALERT: অজ্ঞাত নম্বৰৰ পৰা স্পেমৰ পৰা সাৱধান হওক। নিশ্চিত ব্লু ডাৰ্টৰ অফিচিয়েল নম্বৰৰ বাহিৰে তথ্য ভাগ-বতৰা কৰা বা লিংক ক্লিক কৰা এৰক।
,হিমালয় অপটিকেলত বিশেষ অফাৰ উপভোগ কৰক! শেহতীয়া ফ্ৰেম আৰু ছানগ্লাছত ৩০% ৰেহাইৰ ফ্লেট পাব। ফোন কৰক: 7278383764 স্থান-https://bit.ly/3z0uLf3। টি এণ্ড চি প্ৰযোজ্য।
,"কাইলৈ ​​শেষ হ'ব পেডে বিক্ৰী!
ঔষধত ২৫% ৰেহাই পাব
+ এ ইউ বেংক ডেবিট কাৰ্ডৰ সৈতে ১৫০ টকা ৰেহাই*।
আপোনাৰ অৰ্ডাৰ কৰক http://nsm.sg/vONEMG/VbDLdMO5
টাটা ১মিলিগ্ৰাম"
,"হেৰা! নতুন বছৰৰ এটা বিশেষ আৰম্ভণি কৰক, Fabindia ৰ পৰা উপহাৰৰ সৈতে যেনে কোমল ঘৰুৱা লিনেন,ফাইন চাৰ্ভৱেৰ,সুন্দৰ লেম্প আৰু অধিক! https://vm.ltd/FABIND/_1pVx5 ৰ দ্বাৰা প্ৰকাশিত"
,"হেৰা! লেডিজ, ফেবিণ্ডিয়াত সকলো আছে, মাৰ্জিত কুৰ্তা আৰু শাড়ীৰ পৰা আৰম্ভ কৰি চাৰ্ট, ট্ৰাউজাৰ, ড্ৰেছ আৰু বহুতোৰ দৰে ক্ৰিস্প ৱেষ্টাৰ্ণ ৱেৰলৈকে! https://vm.ltd/FABIND/yRqVBk ৰ দ্বাৰা প্ৰকাশিত"
,জিও’ৰ বছল ৰুগী! ৫০ টকা। 2025 ৰ সীৰে আৰা 200 ৰ বাবে 2.5 GB/ অসমিত 5G ৰ 100 টকা। ২১৫০-এৰা গীফট কুপন। ৩১ ইই জানুয়াৰি '২৫ পণ্ডিত। ৰিচাৰ্জ: www.jio.com/r/QXVTm6zw2
,মূল্য বৃদ্ধিৰ সতৰ্কবাণী! বৰ্তমানৰ পৰিকল্পনাৰ বৈধতা বা সুবিধা হেৰুৱাই নোপোৱাকৈ আজিয়েই আগতীয়াকৈ ৰিচাৰ্জ কৰক আৰু ২৫% পৰ্যন্ত ৰাহি কৰক। অধিক সময়ৰ বাবে সঞ্চয় উপভোগ কৰক - আজিয়েই ৩ / ১২ মাহৰ পৰিকল্পনা ৰিচাৰ্জ কৰক। শীঘ্ৰেই বৃদ্ধি পাব দাম। সোনকাল কৰা! www.jio.com/r/PvbnVWJ5U ৰ দ্বাৰা প্ৰকাশিত
,JioSafe ৰ সহায়ত আপোনাৰ কল সুৰক্ষিত কৰক! শক্তিশালী সুৰক্ষা আৰু শেষৰ পৰা শেষলৈ এনক্ৰিপচন উপভোগ কৰক। ইয়াক বিনামূলীয়াকৈ ডাউনলোড কৰক: https://teu24.app.goo.gl/GetJioSafe
,"ইয়াত আহিছে JioSafe – ৫ টা স্তৰৰ সুৰক্ষাৰ সৈতে সঁচাকৈয়ে সুৰক্ষিত ভইচ, ভিডিঅ’ আৰু কনফাৰেন্স কলৰ বাবে নিৰ্মিত। এতিয়াই ডাউনলোড কৰক: www.jiosafe.com/get"
,অতুলনীয় সেৱাৰ সৈতে ভাৰতৰ একমাত্ৰ প্ৰকৃত 5G নেটৱৰ্কৰ অভিজ্ঞতা লাভ কৰক। প্ৰতিমাহে মাত্ৰ ৫০ টকা। ৩৪৯ আৰু সীমাহীন ৫জি ডাটা উপভোগ কৰিব পাৰে। লগতে আন অপাৰেটৰৰ তুলনাত প্ৰতিমাহে ২০% পৰ্যন্ত ৰাহি কৰিব!
,Jio ৰ সৈতে সংযুক্ত হৈ থাকক আৰু আজিয়েই অতি সুলভ মূল্যত Jio ৰ বিশ্বমানৰ সেৱা উপভোগ কৰক
,50 বছৰৰ স্বাধীনতাৰ বাবে ৰবি এপত 40GB + 800m ৳630 cutt.ly/c630
,40GB + 800m + 32 ৳ কেছবেক 630 ৳ ৰবি এপ cutt.ly/c630 ত
,5GB বোনাছৰ সৈতে Robi app আপুনি 45GB+800m 630 টকা cutt.ly/d35 পাব
,ছুটিৰ বিশেষ অফাৰ 27GB + 650m + 28 ৳ Cashback 550 ৳ মোৰ ৰবি এপত ক্লিক কৰক
,বিকাশে BRAC Bank লৈ প্ৰতি হাজাৰ টকাত ৳১০ টকা খৰচ কৰি ধন প্ৰেৰণ কৰে। tinyurl.com/bblbaf
,BRAC Bank Astha App tinyurl.com/asthadnld ৰ জৰিয়তে এতিয়াই বিনামূলীয়া বিদ্যুৎ আৰু পানীৰ বিল চাৰ্জ কৰক
,মহিলা দিৱসত TARA ডেবিট কাৰ্ড ক্ৰয়ত ৮x পুৰস্কাৰ পইণ্ট। টি এণ্ড চি আবেদন কৰিলে। বিৱৰণ: tinyurl.com/bbltwd23
,বিকাশলৈ টকা পঠাব বিচাৰেনে? BRAC Bank Aastha App ব্যৱহাৰ কৰক। বিৱৰণ: tinyurl.com/asthadnld
,বিকাশৰ পৰা হাজাৰ হাজাৰ টকা BRAC Bank লৈ ১০ টকাত প্ৰেৰণ কৰক tinyurl.com/BRC204
,বিবিএল আস্থা এপ tinyurl.com/asthadnld ত বিনামূলীয়া মোবাইল ৰিচাৰ্জ চাৰ্জ কৰক
,বিবিএল কাৰ্ডত ২০% ৰেহাইত ছিক্ৰেট ৰেচিপিৰ পৰা ইফতাৰ কিনিব! tinyurl.com/BBLSRO
,BBL ক্ৰেডিট কাৰ্ডত অনলাইন ঈদৰ বজাৰত ১৫% কেছবেক! tinyurl.com/BBLCHB
,আস্থা এপৰ পৰা এটাতকৈ অধিক বিকাশ একাউণ্টলৈ প্ৰতিদিনে সৰ্বাধিক ১ লাখ টকা প্ৰেৰণ কৰক। চৰ্তসমূহ প্ৰযোজ্য; tinyurl.com/bblabt
,আস্থা এপ tinyurl.com/BBLAM2 ত ৰবি আৰু এয়াৰটেল মোবাইল ৰিচাৰ্জ
,আপোনাৰ ব্ৰাক বেংকৰ পৰিপূৰক ক্ৰেডিট কাৰ্ডৰ সৈতে ভেলেণ্টাইন ডে'ত গহনা দোকানত ৭০% পৰ্যন্ত ৰেহাই উপভোগ কৰক! বিৱৰণ: tinyurl.com/BBLJLR
,"প্ৰিয় গ্ৰাহক, চিষ্টেম উন্নীতকৰণৰ বাবে ব্ৰেক বেংকৰ ডেবিট আৰু প্ৰিপেইড কাৰ্ডৰ সৈতে সকলো লেনদেন ১৩ এপ্ৰিলৰ নিশা ১২:০০ বজাৰ পৰা পুৱা ৮:৩০ বজালৈ (বুধবাৰ) বন্ধ থাকিব। সাময়িক অসুবিধাৰ বাবে আমি ক্ষমা বিচাৰিছো।"
,লেনদেন নম্বৰ R230908.1132.65010e 49 টকা ৰিচাৰ্জ সফল। আপোনাৰ বৰ্তমানৰ বেলেঞ্চ ৪৯.০১ টকা। ১১/০৩/২৪ লৈকে নতুন কাৰ্যকাল
Ham,"অভিনন্দন!
আপোনাৰ ১ মাহৰ JioHotstar চাবস্ক্ৰিপচন এতিয়া Jio নম্বৰ ৯৬৪১৮১৪২৭৬ত সক্ৰিয় কৰা হৈছে।
৩ মাহলৈকে বিনামূলীয়া JioHotstar চাবস্ক্ৰিপচন উপভোগ কৰিবলৈ যোগ্য পৰিকল্পনাৰে ৰিচাৰ্জ কৰক।
মন কৰিব, এই চাবস্ক্ৰিপচন আপোনাৰ Jio Number ত এবাৰহে লাভ কৰিব পাৰিব।
আপোনাৰ Jio নম্বৰৰ সৈতে JioHotstar ত লগ ইন কৰক আৰু লাইভ ক্ৰিকেট, চিনেমা, টিভি শ্ব', আৰু অধিক উপভোগ কৰক!
চাই সুখী!
টিম জিঅ'"
,আই এম ডি গুৱাহাটীত বজ্ৰপাতৰ সৈতে বিজুলী আৰু লঘুৰ পৰা মধ্যমীয়া বৰষুণৰ পূৰ্বাভাস জাৰি কৰিছে যিটো অহা ৩ ঘণ্টাৰ ভিতৰত কাছাৰ আৰু ডিমা হাছাওৰ ওপৰত কেইটামান ঠাইত হোৱাৰ সম্ভাৱনা অতিশয় বেছি। ASDMA ৰ দ্বাৰা জনস্বাৰ্থত জাৰি কৰা। অধিক বিৱৰণৰ বাবে http://bit.ly/3Fb3Osz আৰু http://apple.co/3ywcV3f চাওক।
,"চাইবাৰ নিৰাপদ হওক! আপোনাৰ ডিভাইচক বটনেট সংক্ৰমণ আৰু মেলৱেৰৰ পৰা সুৰক্ষিত কৰিবলৈ। CERT-In GoI এ আপোনাক https://www.csk.gov.in ৰ পৰা ""বিনামূলীয়া বট আঁতৰোৱা সঁজুলি"" ডাউনলোড কৰিবলৈ পৰামৰ্শ দিয়ে।"
,"ভাৰতৰ গৌৰৱ & সন্মান উত্তোলন কৰক, ৯- ১৫ আগষ্টৰ পৰা ঘৰতে আমাৰ তিৰঙা & হৰ ঘৰ তিৰঙাত অংশগ্ৰহণ কৰক। আপোনাৰ চেলফি ক্লিক কৰক & harghartiranga.com ত আপলোড কৰক"
,"ইয়াবার নিৰাপদত কুঁৱলী ! তেখেতে তেখেতৰ জীৱনৰ মূল্যৱান সময়ছোৱাৰ প্ৰতি আকৰ্ষণ কৰে। CERT-In গ'ইনা হুকুম https://www.c.gov.in ৰ দ্বাৰা ""ফ্ৰাইফট মুমুনি বীল ধাল"" কল্যাৰ পমৰ্শ ডেই।"
,গুৰুত্বপূৰ্ণ তথ্য - TRAI এ মোবাইল টাৱাৰ স্থাপনৰ বাবে কোনো NOC প্ৰদান নকৰে। যদি কোনো প্ৰৱঞ্চকে আপোনাৰ ওচৰলৈ ভুৱা চিঠি আনে তেন্তে সংশ্লিষ্ট সেৱা প্ৰদানকাৰী আৰু স্থানীয় আৰক্ষীক জনাওক।
,"২৮.১০.২০২৪ৰ পৰা ০৩.১১.২০২৪লৈ আৰম্ভ হোৱা ভিজিলেন্স সজাগতা সপ্তাহৰ সময়ত, দুৰ্নীতি সাধনৰ বাবে ""सতিনিষ্ঠা की संस्कृतिৰ প্ৰতিচ্ছবি"" ""জাতিৰ সমৃদ্ধিৰ বাবে সততাৰ সংস্কৃতি""ৰ মূলমন্ত্ৰ সমৃদ্ধ কৰাৰ বাবে D/o টেলিকমিউনিকেচনৰ প্ৰচেষ্টাত যোগদান কৰিবলৈ www.cvc.gov.in ত ই-প্ৰতিশ্রুতি লওক মুক্ত ভাৰত"""
,"আপোনাৰ ডিজিটেল ডিভাইচসমূহক বটনেট আৰু মেলৱেৰৰ সংক্ৰমণৰ পৰা মুক্ত কৰি ৰাখিবলৈ CSK, CERT-In এ আপোনাক ৱেবছাইট www.csk.gov.in ৰ পৰা বিনামূলীয়া বট আঁতৰোৱা সঁজুলি ডাউনলোড কৰিবলৈ পৰামৰ্শ দিয়ে"
,"আগষ্ট-২০২৪ৰ বাবে অৱদান ৫০.০০ টকা APY PRAN XX9585 ত জমা কৰা হৈছে। অনুগ্ৰহ কৰি আপোনাৰ APY PRAN ত Aaadhar seeding সম্পূৰ্ণ কৰক, bit.ly/3JJacto -Protean ক্লিক কৰক"
,"প্ৰিয় ব্যৱহাৰকাৰী,

আপুনি বিনামূলীয়া চৰকাৰী পৰীক্ষা পৰীক্ষা ছিৰিজ লাভ কৰিছে – এতিয়াই আপোনাৰ প্ৰস্তুতি আৰম্ভ কৰক! Jio Recharge ৰ ওপৰত। আপোনাৰ কুপন দাবী কৰিবলৈ https://t.jio/JIOCPN/vFDlT ত ক্লিক কৰক! টি এণ্ড চি

টিম জিঅ'কুপন"
,উৎকৃষ্ট পৰিকল্পনাৰে ভাৰতৰ একমাত্ৰ প্ৰকৃত 5G নেটৱৰ্কৰ অভিজ্ঞতা লাভ কৰক! প্ৰতিমাহে মাত্ৰ ৫০ টকা। ৩৪৯ আৰু সীমাহীন ৫জি ডাটা উপভোগ কৰিব পাৰে। লগতে অন্যান্য অপাৰেটৰৰ তুলনাত প্ৰতিমাহে ২০% পৰ্যন্ত ৰাহি কৰিব।
,"ইয়াত আহিছে JioSafe – ৫ টা স্তৰৰ সুৰক্ষাৰ সৈতে সঁচাকৈয়ে সুৰক্ষিত ভইচ, ভিডিঅ’ আৰু কনফাৰেন্স কলৰ বাবে নিৰ্মিত। এতিয়াই ডাউনলোড কৰক: www.jiosafe.com/get"
,অতুলনীয় সেৱাৰ সৈতে ভাৰতৰ একমাত্ৰ প্ৰকৃত 5G নেটৱৰ্কৰ অভিজ্ঞতা লাভ কৰক। প্ৰতিমাহে মাত্ৰ ₹349 ৰ পৰা আৰম্ভ কৰি সীমাহীন 5G ডাটা উপভোগ কৰক। লগতে আন অপাৰেটৰৰ তুলনাত প্ৰতিমাহে ২০% পৰ্যন্ত ৰাহি কৰিব!
,JioSafe ৰ সহায়ত আপোনাৰ কল সুৰক্ষিত কৰক! শক্তিশালী সুৰক্ষা আৰু শেষৰ পৰা শেষলৈ এনক্ৰিপচন উপভোগ কৰক। ইয়াক বিনামূলীয়াকৈ ডাউনলোড কৰক: https://teu24.app.goo.gl/GetJioSafe
,হিমালয় অপটিকেলত গণৰাজ্য দিৱসৰ অফাৰ: ফ্ৰেম আৰু ছানগ্লাছৰ ১০%-৫০% ৰেহাই + ৫০% বিনামূলীয়া বজাৰলৈকে! টি এণ্ড চি প্ৰযোজ্য।
,10%-50% ফ্ৰেম আৰু ছানগ্লাছত ৰেহাই পাব + হিমালয় অপটিকেলত 50% পৰ্যন্ত বিনামূলীয়া শ্বপিং!7278383764 Locate-https://vm.ltd/HMALAY/xZTocV. টি এণ্ড চি প্ৰযোজ্য।
,iযদি আপোনাৰ ফোনত আন্তঃৰাষ্ট্ৰীয় ফোন কল লাভ কৰাৰ সময়ত কোনো ভাৰতীয় নম্বৰ বা কোনো নম্বৰ দেখা নাযায় তেন্তে টেলিকম বিভাগৰ সঞ্চাৰসাথী পৰ্টেল https://sancharsaathi.gov.in ত জনাওক বা টোল ফ্ৰী নম্বৰ 1800-110-420/1963 কল কৰক।
,"প্ৰিয় ছাত্ৰ, এইটো আপোনাক জনোৱাৰ বাবে, শিকিবলৈ এই আচৰিত আভাৰ অনুষ্ঠানটো মিছ নকৰিব! ইয়াত পঞ্জীয়ন কৰক: bit.ly/4gC9lZB অধ্যয়ন কৰি থাকক!! ধন্যবাদ পদাৰ্থ বিজ্ঞান ৱালাহ"
,৮৫৭ জিঅ’ প্ৰিপেইড প্লেনৰ সৈতে ৰিচাৰ্জ। আৰু ৮৪ দিনৰ বাবে Amazon Prime (Mobile Edition) চাবস্ক্ৰিপচনৰ সৈতে ২ জিবি/দিন উপভোগ কৰক। ৰিচাৰ্জ কৰিবলৈ www.jio.com/r/PvnRKZTn2 ক্লিক কৰক চৰ্ত আৰু নিয়ম প্ৰযোজ্য
,মূল্য বৃদ্ধিৰ সতৰ্কবাণী! বৰ্তমানৰ পৰিকল্পনাৰ বৈধতা বা সুবিধা হেৰুৱাই আজিয়েই আগতীয়াকৈ ৰিচাৰ্জ কৰক আৰু ২৫% পৰ্যন্ত ৰাহি কৰক। অধিক সময়ৰ বাবে সঞ্চয় উপভোগ কৰক - আজিয়েই ৩ / ১২ মাহৰ পৰিকল্পনা ৰিচাৰ্জ কৰক। শীঘ্ৰেই বৃদ্ধি পাব দাম। সোনকাল কৰা! www.jio.com/r/PvMpEOh6b ৰ দ্বাৰা প্ৰকাশিত
,আহি পালে Jio ৰ নতুন বছৰৰ আদৰণি পৰিকল্পনা! ৫০ টকা। ২০২৫ ৰিচাৰ্জ কৰি পাব ২.৫ জিবি/দিন + ২০০ দিনৰ বাবে আনলিমিটেড ৫জি আৰু ৫০ টকা। ২১৫০ উপহাৰ কুপন। ১১ জানুৱাৰী '২৫ লৈকে বৈধ। ৰিচাৰ্জ: www.jio.com/r/QQud5YTGP
Ham,লেনদেন নম্বৰ R240507.1549.66007e 50 টকা ৰিচাৰ্জ সফল। আপোনাৰ বৰ্তমানৰ বেলেঞ্চ ৫০.১৮ টকা। ০৬/০৬/২৪ লৈকে নতুন কাৰ্যকাল
,১০০% কেছবেক অফাৰ কেৱল আপোনাৰ বাবে। ৩০ ছেপ্টেম্বৰৰ আগত এমাহৰ বাবে আকাশ সংযোগ পুনৰ চাৰ্জ কৰি এই অফাৰ লাভ কৰিব পাৰিব। 16442 I ৰ সবিশেষ লাভ কৰক
,এতিয়াই চাওক নিউজিলেণ্ড বনাম বাংলাদেশ T20 GTV HD Recharge ত
,আজি ৰিচাৰ্জ কৰি GTV HD ত T20 WC ৰ ENG vs AUS লাইভ একচন চাব
,GTV HD ত T20 WC ৰ PAK vs SA ৰ লাইভ একচন চাবলৈ এতিয়াই ৰিচাৰ্জ কৰক
,আই পি এলৰ মহাকাব্যিক ফাইনেলত চি এছ কে বনাম জি টিৰ মহাকাব্যিক সংঘৰ্ষ চাবলৈ আজি ৰিচাৰ্জ কৰক!
,আপোনাৰ আকাশ সংযোগ পুনৰ চাৰ্জ কৰি গাজী টিভি আৰু টি-স্প'ৰ্টছ এইচডিত বাংলাদেশ-শ্ৰীলংকা টেষ্ট ছিৰিজৰ মেচ চাওক
,আকাশ সংযোগ ৰিচাৰ্জ কৰক আৰু গাজী টিভি আৰু টি-স্পৰ্টছ এইচডিত বাংলাদেশ-আফগানিস্তান টি-২০ ছিৰিজ চাওক
,আজিয়েই ৰিচাৰ্জ কৰক আৰু T Sports HD ত BAN VS ENG ৰোমাঞ্চকৰ T20 ছিৰিজ চাওক
,চনী টেন ২ এইচডিত আকাশ ৰিচাৰ্জত ইংলেণ্ড বনাম ইটালীৰ মেচ চাওক
,১০০% কেছবেক অফাৰ কেৱল আপোনাৰ বাবে। ৩০ জুলাইৰ আগতে এমাহৰ বাবে আকাশ সংযোগ পুনৰ চাৰ্জ কৰি এই অফাৰ লাভ কৰিব পাৰিব। 16442 I ৰ সবিশেষ লাভ কৰক
,৭ দিনৰ বাবে মাত্ৰ ১০০ টকাত আকাশ চাওক। এই অফাৰটো কেৱল আপোনাৰ বাবে ক্লিনফিডত মুকলি কৰা আপোনাৰ প্ৰিয় চেনেলসমূহ চাবলৈ। অফাৰৰ সুবিধা ল’বলৈ ১৬৪৪২ নম্বৰত ফোন কৰক
,গাজী টিভি আৰু টি-স্প'ৰ্টছ এইচডিত বাংলাদেশ-আফগানিস্তান ধাৰাবাহিকৰ মহান মেচসমূহ চাবলৈ আপোনাৰ আকাশ সংযোগ পুনৰ চাৰ্জ কৰক।
,মেছিৰ মহান প্ৰদৰ্শনেৰে WC ছেমি ফাইনেল খেলখন উপভোগ কৰিবলৈ আজিয়েই ৰিচাৰ্জ কৰক
,২৫% কেছবেক অফাৰ কেৱল আপোনাৰ বাবে। অফাৰটো লাভ কৰিবলৈ আপোনাৰ আকাশ সংযোগ (ID-40284506) সক্ৰিয় কৰক। 16442 I ৰ সবিশেষ লাভ কৰক
,দীপাৱলীৰ শুভেচ্ছা থাকিল! ২৫ অক্টোবৰলৈকে ডাইমণ্ড জুৱেলাৰীত ২৫% ৰেহাই আৰু গোল্ড ৱেজত ৫০% ৰেহাই উপভোগ কৰক। ফোন: ০১৭১৩১৯৯২৭০ চাওক: diamondworldltd.com
Ham,"জন্মদিনৰ শুভেচ্ছা,"
Ham,দীপাৱলীৰ শুভেচ্ছা থাকিল!
,"স্বাধীনতা দিৱসত গোটেই সপ্তাহটোত হীৰাৰ গহনা বিনামূলীয়াকৈ বিনিময় কৰিব পাৰিব! ভিজিট- diamondworldltd.com/shadhin2023, CA আৰু কল কৰক: 01713199270"
Ham,"শুভ বিবাহ বার্ষিকী,"
,মাত্ৰ ৯৫ টকাত ৩জিবি ফেচবুক (৩০ দিন)! পাওক: *২১২*৭১৭#
,মাত্ৰ ৫ টকাত ৩ দিন ৭৫MB! পাওক: *২১২*৭০০#
,"দৈনিক ফৰ্চুন ৰাশিফল ​​পাবলৈ *26397*6# ডায়েল কৰক আপোনাৰ ৰাশিফল ​​জানিবলৈ, দৈনিক ৳2.67 চাৰ্জ কৰক"
Ham,"Covid-19 ভেকচিন পঞ্জীয়ন: আপোনাৰ OTP Code-004653, ধন্যবাদ।"
,মোবাইল বেলেঞ্চত সীমাহীন চিনেমা চাবলৈ চাবস্ক্ৰাইব কৰক: https://robi.epicon.in
Ham,"আন্টি, আজি মোৰ ছোৱালীজনী বেমাৰ হৈছে... মই কাইলৈ ​​যাম"
,"স্মাৰ্টফোন জিকিবলৈ ডাঙৰ অফাৰ! সহজ প্ৰশ্নৰ উত্তৰ দি ৩০,৯৯৯ টকাৰ এটা আকৰ্ষণীয় স্মাৰ্টফোন জিকিব Samsung Galaxy M33 5G মাত্ৰ ৳2.67/দিন/প্ৰশ্ন, *213*45644# ডায়েল কৰক"
,"Pureit RO 2500 ฿ ৰেহাই উপভোগ কৰক, ৰেফাৰীলৈ উপহাৰ! বিৱৰণ/অপটআউট 16627*"
Ham,মই ১০ তাৰিখে ৰাতিপুৱা যাম শান্তিনগৰত ইষ্টাৰ্ন প্লাছ বুলি এখন বজাৰ আছে?!
Spam,"আপোনাৰ Jio নম্বৰ 7002983153 -ৰ প্লেনৰ বৈধতা অতি শীঘ্ৰেই সমাপ্ত হ'ব । Rs.349 প্লেনেৰে ৰিচাৰ্জ কৰি লাভ কৰক আনলিমিটেড ভইচ ক'ল, 2 GB প্ৰতিদিনে আনলিমিটেড 5G ডাটা, বৈধতা 28  দিন। ৰিছাৰ্জ কৰিবলৈ ইয়াত ক্লিক্ কৰক www.jio.com/r/AtGPgwYdr । চৰ্তাৱলী প্ৰযোজ্য ।"
